Sensor,Value,stamp
,inf,"2024-02-26 01:14:41.000000"
MQ5,inf,"2024-02-26 01:14:41.000000"
MQ6,inf,"2024-02-26 01:14:42.000000"
MQ7,inf,"2024-02-26 01:14:42.000000"
MQ8,inf,"2024-02-26 01:14:42.000000"
TGS2600,0.964582264,"2024-02-26 01:14:43.000000"
TGS2602,0.968155622,"2024-02-26 01:14:43.000000"
TGS2612,0.968224585,"2024-02-26 01:14:44.000000"
MQ9,inf,"2024-02-26 01:14:44.000000"
MQ10,inf,"2024-02-26 01:14:47.000000"
MQ11,inf,"2024-02-26 01:14:48.000000"
TGS2620,1.255828142,"2024-02-26 01:14:49.000000"
TGS2603,0.081540205,"2024-02-26 01:14:49.000000"
TGS2610,0.487364620,"2024-02-26 01:14:50.000000"
TGS2611,0.331797242,"2024-02-26 01:14:51.000000"
MQ12,inf,"2024-02-26 01:14:53.000000"
,inf,"2024-02-26 01:14:58.000000"
MQ5,inf,"2024-02-26 01:14:58.000000"
MQ6,inf,"2024-02-26 01:15:00.000000"
MQ7,inf,"2024-02-26 01:15:00.000000"
MQ8,inf,"2024-02-26 01:15:01.000000"
TGS2600,1.980268240,"2024-02-26 01:15:02.000000"
TGS2602,1.929899693,"2024-02-26 01:15:02.000000"
TGS2612,1.974921703,"2024-02-26 01:15:03.000000"
MQ9,inf,"2024-02-26 01:15:03.000000"
MQ10,inf,"2024-02-26 01:15:04.000000"
MQ11,inf,"2024-02-26 01:15:04.000000"
TGS2620,1.549875736,"2024-02-26 01:15:05.000000"
TGS2603,0.163080409,"2024-02-26 01:15:06.000000"
TGS2610,1.462093830,"2024-02-26 01:15:06.000000"
TGS2611,0.497695863,"2024-02-26 01:15:07.000000"
MQ12,inf,"2024-02-26 01:15:09.000000"
,inf,"2024-02-26 01:15:12.000000"
MQ5,inf,"2024-02-26 01:15:12.000000"
MQ6,inf,"2024-02-26 01:15:14.000000"
MQ7,inf,"2024-02-26 01:15:14.000000"
MQ8,inf,"2024-02-26 01:15:16.000000"
TGS2600,1.731137753,"2024-02-26 01:15:17.000000"
TGS2602,1.743962407,"2024-02-26 01:15:17.000000"
TGS2612,1.712026238,"2024-02-26 01:15:19.000000"
,inf,"2024-02-26 01:15:24.000000"
MQ5,inf,"2024-02-26 01:15:25.000000"
MQ6,inf,"2024-02-26 01:15:25.000000"
MQ7,inf,"2024-02-26 01:15:26.000000"
MQ8,inf,"2024-02-26 01:15:26.000000"
TGS2600,1.609766483,"2024-02-26 01:15:27.000000"
TGS2602,1.602906704,"2024-02-26 01:15:27.000000"
TGS2612,1.583784580,"2024-02-26 01:15:29.000000"
MQ9,inf,"2024-02-26 01:15:29.000000"
MQ10,inf,"2024-02-26 01:15:30.000000"
MQ11,inf,"2024-02-26 01:15:31.000000"
TGS2620,1.366096020,"2024-02-26 01:15:31.000000"
TGS2603,0.163080409,"2024-02-26 01:15:32.000000"
TGS2610,0.487364620,"2024-02-26 01:15:32.000000"
TGS2611,1.990783453,"2024-02-26 01:15:33.000000"
MQ12,inf,"2024-02-26 01:15:33.000000"
,inf,"2024-02-26 01:15:36.000000"
MQ5,inf,"2024-02-26 01:15:36.000000"
MQ6,inf,"2024-02-26 01:15:36.000000"
MQ7,inf,"2024-02-26 01:15:37.000000"
MQ8,inf,"2024-02-26 01:15:37.000000"
TGS2600,1.469231248,"2024-02-26 01:15:38.000000"
TGS2602,1.474674106,"2024-02-26 01:15:39.000000"
TGS2612,1.468367100,"2024-02-26 01:15:39.000000"
MQ9,inf,"2024-02-26 01:15:40.000000"
MQ10,inf,"2024-02-26 01:15:41.000000"
MQ11,inf,"2024-02-26 01:15:41.000000"
TGS2620,1.286458135,"2024-02-26 01:15:42.000000"
TGS2603,0.163080409,"2024-02-26 01:15:42.000000"
TGS2610,1.949458480,"2024-02-26 01:15:43.000000"
TGS2611,0.497695863,"2024-02-26 01:15:43.000000"
MQ12,inf,"2024-02-26 01:15:44.000000"
,inf,"2024-02-26 01:15:47.000000"
MQ5,inf,"2024-02-26 01:15:47.000000"
MQ6,inf,"2024-02-26 01:15:48.000000"
MQ7,inf,"2024-02-26 01:15:49.000000"
MQ8,inf,"2024-02-26 01:15:49.000000"
TGS2600,1.360635877,"2024-02-26 01:15:50.000000"
TGS2602,1.346441627,"2024-02-26 01:15:51.000000"
TGS2612,1.391422153,"2024-02-26 01:15:52.000000"
MQ9,inf,"2024-02-26 01:15:53.000000"
MQ10,inf,"2024-02-26 01:15:54.000000"
MQ11,inf,"2024-02-26 01:15:54.000000"
TGS2620,1.206820250,"2024-02-26 01:15:54.000000"
TGS2603,0.122310303,"2024-02-26 01:15:55.000000"
TGS2610,0.649819493,"2024-02-26 01:15:56.000000"
TGS2611,0.165898621,"2024-02-26 01:15:58.000000"
MQ12,inf,"2024-02-26 01:15:58.000000"
,inf,"2024-02-26 01:16:02.000000"
MQ5,inf,"2024-02-26 01:16:02.000000"
MQ6,inf,"2024-02-26 01:16:03.000000"
MQ7,inf,"2024-02-26 01:16:03.000000"
MQ8,inf,"2024-02-26 01:16:04.000000"
TGS2600,1.239264607,"2024-02-26 01:16:05.000000"
TGS2602,1.243855596,"2024-02-26 01:16:05.000000"
TGS2612,1.231119990,"2024-02-26 01:16:06.000000"
MQ9,inf,"2024-02-26 01:16:06.000000"
MQ10,inf,"2024-02-26 01:16:08.000000"
MQ11,inf,"2024-02-26 01:16:08.000000"
TGS2620,1.133308411,"2024-02-26 01:16:08.000000"
TGS2603,0.081540205,"2024-02-26 01:16:09.000000"
TGS2610,0.487364620,"2024-02-26 01:16:09.000000"
TGS2611,0.331797242,"2024-02-26 01:16:10.000000"
MQ12,inf,"2024-02-26 01:16:10.000000"
,inf,"2024-02-26 01:16:12.000000"
MQ5,inf,"2024-02-26 01:16:13.000000"
MQ6,inf,"2024-02-26 01:16:13.000000"
MQ7,inf,"2024-02-26 01:16:14.000000"
MQ8,inf,"2024-02-26 01:16:14.000000"
TGS2600,1.213712811,"2024-02-26 01:16:16.000000"
TGS2602,1.160504460,"2024-02-26 01:16:16.000000"
,inf,"2024-02-26 01:16:21.000000"
MQ5,inf,"2024-02-26 01:16:22.000000"
MQ6,inf,"2024-02-26 01:16:24.000000"
MQ7,inf,"2024-02-26 01:16:25.000000"
MQ8,inf,"2024-02-26 01:16:25.000000"
TGS2600,1.105117440,"2024-02-26 01:16:26.000000"
,inf,"2024-02-26 01:16:31.000000"
MQ5,inf,"2024-02-26 01:16:31.000000"
MQ6,inf,"2024-02-26 01:16:33.000000"
MQ7,inf,"2024-02-26 01:16:33.000000"
MQ8,inf,"2024-02-26 01:16:34.000000"
TGS2600,1.079565644,"2024-02-26 01:16:34.000000"
TGS2602,1.128446341,"2024-02-26 01:16:35.000000"
TGS2612,1.077229977,"2024-02-26 01:16:35.000000"
MQ9,inf,"2024-02-26 01:16:36.000000"
MQ10,inf,"2024-02-26 01:16:37.000000"
MQ11,inf,"2024-02-26 01:16:37.000000"
TGS2620,1.035292506,"2024-02-26 01:16:38.000000"
TGS2603,0.122310303,"2024-02-26 01:16:39.000000"
TGS2610,0.487364620,"2024-02-26 01:16:39.000000"
TGS2611,1.493087530,"2024-02-26 01:16:40.000000"
MQ12,inf,"2024-02-26 01:16:41.000000"
,inf,"2024-02-26 01:16:43.000000"
MQ5,inf,"2024-02-26 01:16:44.000000"
MQ6,inf,"2024-02-26 01:16:44.000000"
MQ7,inf,"2024-02-26 01:16:44.000000"
MQ8,inf,"2024-02-26 01:16:45.000000"
TGS2600,1.041237831,"2024-02-26 01:16:46.000000"
TGS2602,1.045095205,"2024-02-26 01:16:46.000000"
TGS2612,1.038757563,"2024-02-26 01:16:47.000000"
MQ9,inf,"2024-02-26 01:16:50.000000"
MQ10,inf,"2024-02-26 01:16:50.000000"
MQ11,inf,"2024-02-26 01:16:51.000000"
TGS2620,1.016914487,"2024-02-26 01:16:51.000000"
TGS2603,0.122310303,"2024-02-26 01:16:52.000000"
TGS2610,0.487364620,"2024-02-26 01:16:53.000000"
TGS2611,0.165898621,"2024-02-26 01:16:53.000000"
MQ12,inf,"2024-02-26 01:16:55.000000"
,inf,"2024-02-26 01:16:57.000000"
MQ5,inf,"2024-02-26 01:16:58.000000"
MQ6,inf,"2024-02-26 01:16:58.000000"
MQ7,inf,"2024-02-26 01:16:59.000000"
MQ8,inf,"2024-02-26 01:17:00.000000"
TGS2600,1.015685916,"2024-02-26 01:17:00.000000"
TGS2602,1.019448638,"2024-02-26 01:17:01.000000"
TGS2612,1.019521236,"2024-02-26 01:17:01.000000"
MQ9,inf,"2024-02-26 01:17:02.000000"
MQ10,inf,"2024-02-26 01:17:03.000000"
MQ11,inf,"2024-02-26 01:17:03.000000"
TGS2620,0.998536527,"2024-02-26 01:17:04.000000"
TGS2603,0.081540205,"2024-02-26 01:17:05.000000"
TGS2610,0.487364620,"2024-02-26 01:17:05.000000"
TGS2611,1.658986211,"2024-02-26 01:17:06.000000"
MQ12,inf,"2024-02-26 01:17:07.000000"
,inf,"2024-02-26 01:17:09.000000"
MQ5,inf,"2024-02-26 01:17:09.000000"
MQ6,inf,"2024-02-26 01:17:11.000000"
MQ7,inf,"2024-02-26 01:17:11.000000"
MQ8,inf,"2024-02-26 01:17:11.000000"
TGS2600,1.009297967,"2024-02-26 01:17:12.000000"
TGS2602,1.013036966,"2024-02-26 01:17:13.000000"
TGS2612,1.013109207,"2024-02-26 01:17:15.000000"
MQ9,inf,"2024-02-26 01:17:16.000000"
MQ10,inf,"2024-02-26 01:17:17.000000"
MQ11,inf,"2024-02-26 01:17:17.000000"
TGS2620,0.992410541,"2024-02-26 01:17:17.000000"
TGS2603,0.122310303,"2024-02-26 01:17:18.000000"
TGS2610,0.324909747,"2024-02-26 01:17:20.000000"
TGS2611,0.165898621,"2024-02-26 01:17:21.000000"
MQ12,inf,"2024-02-26 01:17:22.000000"
,inf,"2024-02-26 01:17:24.000000"
MQ5,inf,"2024-02-26 01:17:25.000000"
MQ6,inf,"2024-02-26 01:17:25.000000"
MQ7,inf,"2024-02-26 01:17:25.000000"
MQ8,inf,"2024-02-26 01:17:27.000000"
TGS2600,1.002910018,"2024-02-26 01:17:28.000000"
TGS2602,1.006625414,"2024-02-26 01:17:29.000000"
TGS2612,1.006697059,"2024-02-26 01:17:29.000000"
MQ9,inf,"2024-02-26 01:17:31.000000"
MQ10,inf,"2024-02-26 01:17:32.000000"
MQ11,inf,"2024-02-26 01:17:32.000000"
TGS2620,0.992410541,"2024-02-26 01:17:35.000000"
TGS2603,0.326160818,"2024-02-26 01:17:36.000000"
TGS2610,0.324909747,"2024-02-26 01:17:36.000000"
TGS2611,0.331797242,"2024-02-26 01:17:37.000000"
MQ12,inf,"2024-02-26 01:17:37.000000"
,inf,"2024-02-26 01:17:41.000000"
MQ5,inf,"2024-02-26 01:17:41.000000"
MQ6,inf,"2024-02-26 01:17:43.000000"
MQ7,inf,"2024-02-26 01:17:44.000000"
MQ8,inf,"2024-02-26 01:17:44.000000"
TGS2600,0.983746171,"2024-02-26 01:17:45.000000"
TGS2602,1.000213742,"2024-02-26 01:17:46.000000"
TGS2612,0.987460852,"2024-02-26 01:17:46.000000"
MQ9,inf,"2024-02-26 01:17:46.000000"
MQ10,inf,"2024-02-26 01:17:48.000000"
MQ11,inf,"2024-02-26 01:17:48.000000"
TGS2620,0.986284554,"2024-02-26 01:17:49.000000"
TGS2603,0.122310303,"2024-02-26 01:17:50.000000"
,inf,"2024-02-26 01:17:55.000000"
MQ5,inf,"2024-02-26 01:17:55.000000"
MQ6,inf,"2024-02-26 01:17:56.000000"
MQ7,inf,"2024-02-26 01:17:57.000000"
MQ8,inf,"2024-02-26 01:17:58.000000"
TGS2600,0.977358222,"2024-02-26 01:17:58.000000"
TGS2602,0.980978906,"2024-02-26 01:18:00.000000"
TGS2612,0.981048763,"2024-02-26 01:18:00.000000"
MQ9,inf,"2024-02-26 01:18:01.000000"
MQ10,inf,"2024-02-26 01:18:01.000000"
MQ11,inf,"2024-02-26 01:18:02.000000"
TGS2620,0.986284554,"2024-02-26 01:18:02.000000"
TGS2603,0.163080409,"2024-02-26 01:18:03.000000"
TGS2610,0.487364620,"2024-02-26 01:18:04.000000"
TGS2611,0.663594484,"2024-02-26 01:18:04.000000"
MQ12,inf,"2024-02-26 01:18:04.000000"
,inf,"2024-02-26 01:18:07.000000"
MQ5,inf,"2024-02-26 01:18:07.000000"
MQ6,inf,"2024-02-26 01:18:07.000000"
MQ7,inf,"2024-02-26 01:18:07.000000"
MQ8,inf,"2024-02-26 01:18:08.000000"
TGS2600,0.977358222,"2024-02-26 01:18:08.000000"
TGS2602,0.980978906,"2024-02-26 01:18:09.000000"
TGS2612,0.981048763,"2024-02-26 01:18:09.000000"
MQ9,inf,"2024-02-26 01:18:09.000000"
MQ10,inf,"2024-02-26 01:18:10.000000"
MQ11,inf,"2024-02-26 01:18:10.000000"
TGS2620,0.986284554,"2024-02-26 01:18:10.000000"
TGS2603,0.081540205,"2024-02-26 01:18:11.000000"
TGS2610,0.324909747,"2024-02-26 01:18:11.000000"
TGS2611,0.663594484,"2024-02-26 01:18:11.000000"
MQ12,inf,"2024-02-26 01:18:12.000000"
,inf,"2024-02-26 01:18:14.000000"
MQ5,inf,"2024-02-26 01:18:15.000000"
MQ6,inf,"2024-02-26 01:18:16.000000"
MQ7,inf,"2024-02-26 01:18:17.000000"
MQ8,inf,"2024-02-26 01:18:17.000000"
TGS2600,0.970970213,"2024-02-26 01:18:18.000000"
TGS2602,0.974567235,"2024-02-26 01:18:18.000000"
TGS2612,0.974636674,"2024-02-26 01:18:19.000000"
MQ9,inf,"2024-02-26 01:18:20.000000"
MQ10,inf,"2024-02-26 01:18:21.000000"
MQ11,inf,"2024-02-26 01:18:21.000000"
TGS2620,0.980158567,"2024-02-26 01:18:22.000000"
TGS2603,0.122310303,"2024-02-26 01:18:22.000000"
TGS2610,0.487364620,"2024-02-26 01:18:23.000000"
TGS2611,0.497695863,"2024-02-26 01:18:24.000000"
MQ12,nan,"2024-02-26 01:18:24.000000"
,inf,"2024-02-26 01:18:27.000000"
MQ5,inf,"2024-02-26 01:18:27.000000"
MQ6,inf,"2024-02-26 01:18:28.000000"
MQ7,inf,"2024-02-26 01:18:29.000000"
MQ8,inf,"2024-02-26 01:18:30.000000"
TGS2600,0.964582264,"2024-02-26 01:18:31.000000"
TGS2602,0.968155622,"2024-02-26 01:18:35.000000"
TGS2612,0.974636674,"2024-02-26 01:18:35.000000"
MQ9,inf,"2024-02-26 01:18:36.000000"
MQ10,inf,"2024-02-26 01:18:36.000000"
MQ11,inf,"2024-02-26 01:18:41.000000"
,inf,"2024-02-26 01:18:43.000000"
MQ5,inf,"2024-02-26 01:18:43.000000"
MQ6,inf,"2024-02-26 01:18:44.000000"
MQ7,inf,"2024-02-26 01:18:44.000000"
MQ8,inf,"2024-02-26 01:18:45.000000"
TGS2600,0.970970213,"2024-02-26 01:18:46.000000"
TGS2602,1.025860310,"2024-02-26 01:18:47.000000"
TGS2612,0.968224585,"2024-02-26 01:18:47.000000"
MQ9,inf,"2024-02-26 01:18:49.000000"
MQ10,inf,"2024-02-26 01:18:51.000000"
MQ11,inf,"2024-02-26 01:18:52.000000"
TGS2620,0.980158567,"2024-02-26 01:18:52.000000"
TGS2603,0.081540205,"2024-02-26 01:18:53.000000"
TGS2610,0.487364620,"2024-02-26 01:18:53.000000"
,inf,"2024-02-26 01:18:58.000000"
MQ5,inf,"2024-02-26 01:18:59.000000"
MQ6,inf,"2024-02-26 01:19:00.000000"
MQ7,inf,"2024-02-26 01:19:01.000000"
MQ8,inf,"2024-02-26 01:19:01.000000"
TGS2600,0.964582264,"2024-02-26 01:19:02.000000"
TGS2602,1.025860310,"2024-02-26 01:19:02.000000"
TGS2612,0.968224585,"2024-02-26 01:19:03.000000"
MQ9,inf,"2024-02-26 01:19:04.000000"
MQ10,inf,"2024-02-26 01:19:04.000000"
MQ11,inf,"2024-02-26 01:19:05.000000"
TGS2620,1.016914487,"2024-02-26 01:19:05.000000"
TGS2603,0.081540205,"2024-02-26 01:19:06.000000"
TGS2610,0.324909747,"2024-02-26 01:19:06.000000"
TGS2611,0.331797242,"2024-02-26 01:19:06.000000"
MQ12,inf,"2024-02-26 01:19:07.000000"
,inf,"2024-02-26 01:19:09.000000"
MQ5,inf,"2024-02-26 01:19:10.000000"
MQ6,inf,"2024-02-26 01:19:10.000000"
MQ7,inf,"2024-02-26 01:19:11.000000"
MQ8,inf,"2024-02-26 01:19:11.000000"
TGS2600,0.964582264,"2024-02-26 01:19:12.000000"
TGS2602,0.961744010,"2024-02-26 01:19:12.000000"
TGS2612,1.025933385,"2024-02-26 01:19:12.000000"
MQ9,inf,"2024-02-26 01:19:13.000000"
MQ10,inf,"2024-02-26 01:19:13.000000"
MQ11,inf,"2024-02-26 01:19:14.000000"
TGS2620,0.974032581,"2024-02-26 01:19:16.000000"
TGS2603,0.122310303,"2024-02-26 01:19:16.000000"
TGS2610,0.487364620,"2024-02-26 01:19:17.000000"
TGS2611,1.990783453,"2024-02-26 01:19:18.000000"
MQ12,inf,"2024-02-26 01:19:19.000000"
,inf,"2024-02-26 01:19:21.000000"
MQ5,inf,"2024-02-26 01:19:22.000000"
MQ6,inf,"2024-02-26 01:19:22.000000"
MQ7,inf,"2024-02-26 01:19:23.000000"
MQ8,inf,"2024-02-26 01:19:24.000000"
TGS2600,0.964582264,"2024-02-26 01:19:25.000000"
TGS2602,0.968155622,"2024-02-26 01:19:26.000000"
TGS2612,0.968224585,"2024-02-26 01:19:27.000000"
MQ9,inf,"2024-02-26 01:19:28.000000"
MQ10,inf,"2024-02-26 01:19:29.000000"
MQ11,inf,"2024-02-26 01:19:30.000000"
TGS2620,0.974032581,"2024-02-26 01:19:32.000000"
TGS2603,0.122310303,"2024-02-26 01:19:33.000000"
TGS2610,0.324909747,"2024-02-26 01:19:33.000000"
TGS2611,0.331797242,"2024-02-26 01:19:34.000000"
MQ12,inf,"2024-02-26 01:19:34.000000"
,inf,"2024-02-26 01:19:37.000000"
MQ5,inf,"2024-02-26 01:19:38.000000"
MQ6,inf,"2024-02-26 01:19:39.000000"
MQ7,inf,"2024-02-26 01:19:40.000000"
MQ8,inf,"2024-02-26 01:19:40.000000"
TGS2600,0.958194315,"2024-02-26 01:19:42.000000"
TGS2602,0.961744010,"2024-02-26 01:19:43.000000"
TGS2612,0.961812496,"2024-02-26 01:19:43.000000"
MQ9,inf,"2024-02-26 01:19:44.000000"
MQ10,inf,"2024-02-26 01:19:45.000000"
MQ11,inf,"2024-02-26 01:19:46.000000"
TGS2620,0.967906594,"2024-02-26 01:19:47.000000"
TGS2603,0.122310303,"2024-02-26 01:19:47.000000"
TGS2610,0.649819493,"2024-02-26 01:19:48.000000"
TGS2611,0.497695863,"2024-02-26 01:19:48.000000"
MQ12,inf,"2024-02-26 01:19:48.000000"
,inf,"2024-02-26 01:19:51.000000"
MQ5,inf,"2024-02-26 01:19:51.000000"
MQ6,inf,"2024-02-26 01:19:51.000000"
MQ7,inf,"2024-02-26 01:19:52.000000"
MQ8,inf,"2024-02-26 01:19:52.000000"
TGS2600,0.964582264,"2024-02-26 01:19:53.000000"
TGS2602,0.968155622,"2024-02-26 01:19:53.000000"
TGS2612,0.968224585,"2024-02-26 01:19:54.000000"
MQ9,inf,"2024-02-26 01:19:54.000000"
MQ10,inf,"2024-02-26 01:19:55.000000"
MQ11,inf,"2024-02-26 01:19:55.000000"
TGS2620,0.974032581,"2024-02-26 01:19:55.000000"
TGS2603,0.122310303,"2024-02-26 01:19:56.000000"
TGS2610,0.324909747,"2024-02-26 01:19:56.000000"
TGS2611,0.331797242,"2024-02-26 01:19:56.000000"
MQ12,inf,"2024-02-26 01:19:57.000000"
,inf,"2024-02-26 01:19:59.000000"
MQ5,inf,"2024-02-26 01:20:00.000000"
MQ6,inf,"2024-02-26 01:20:03.000000"
MQ7,inf,"2024-02-26 01:20:03.000000"
MQ8,inf,"2024-02-26 01:20:04.000000"
TGS2600,0.964582264,"2024-02-26 01:20:05.000000"
TGS2602,0.968155622,"2024-02-26 01:20:06.000000"
TGS2612,1.025933385,"2024-02-26 01:20:06.000000"
MQ9,inf,"2024-02-26 01:20:07.000000"
MQ10,inf,"2024-02-26 01:20:07.000000"
MQ11,inf,"2024-02-26 01:20:09.000000"
TGS2620,1.016914487,"2024-02-26 01:20:09.000000"
TGS2603,0.040770102,"2024-02-26 01:20:10.000000"
TGS2610,1.949458480,"2024-02-26 01:20:11.000000"
TGS2611,1.658986211,"2024-02-26 01:20:12.000000"
MQ12,inf,"2024-02-26 01:20:13.000000"
,inf,"2024-02-26 01:20:16.000000"
MQ5,inf,"2024-02-26 01:20:16.000000"
MQ6,inf,"2024-02-26 01:20:18.000000"
MQ7,inf,"2024-02-26 01:20:18.000000"
MQ8,inf,"2024-02-26 01:20:19.000000"
TGS2600,0.964582264,"2024-02-26 01:20:20.000000"
TGS2602,0.968155622,"2024-02-26 01:20:20.000000"
TGS2612,0.968224585,"2024-02-26 01:20:20.000000"
MQ9,inf,"2024-02-26 01:20:20.000000"
MQ10,inf,"2024-02-26 01:20:21.000000"
MQ11,inf,"2024-02-26 01:20:21.000000"
TGS2620,0.967906594,"2024-02-26 01:20:21.000000"
TGS2603,0.122310303,"2024-02-26 01:20:22.000000"
TGS2610,0.487364620,"2024-02-26 01:20:22.000000"
TGS2611,0.497695863,"2024-02-26 01:20:23.000000"
MQ12,inf,"2024-02-26 01:20:23.000000"
,inf,"2024-02-26 01:20:26.000000"
MQ5,inf,"2024-02-26 01:20:26.000000"
MQ6,inf,"2024-02-26 01:20:27.000000"
MQ7,inf,"2024-02-26 01:20:27.000000"
MQ8,inf,"2024-02-26 01:20:27.000000"
TGS2600,0.958194315,"2024-02-26 01:20:28.000000"
TGS2602,0.961744010,"2024-02-26 01:20:28.000000"
TGS2612,0.968224585,"2024-02-26 01:20:30.000000"
MQ9,inf,"2024-02-26 01:20:31.000000"
MQ10,inf,"2024-02-26 01:20:31.000000"
MQ11,inf,"2024-02-26 01:20:32.000000"
TGS2620,0.967906594,"2024-02-26 01:20:33.000000"
TGS2603,0.081540205,"2024-02-26 01:20:33.000000"
TGS2610,0.324909747,"2024-02-26 01:20:34.000000"
TGS2611,0.331797242,"2024-02-26 01:20:35.000000"
MQ12,inf,"2024-02-26 01:20:36.000000"
,inf,"2024-02-26 01:20:38.000000"
MQ5,inf,"2024-02-26 01:20:39.000000"
MQ6,inf,"2024-02-26 01:20:39.000000"
MQ7,inf,"2024-02-26 01:20:41.000000"
MQ8,inf,"2024-02-26 01:20:41.000000"
,inf,"2024-02-26 01:20:46.000000"
MQ5,inf,"2024-02-26 01:20:47.000000"
MQ6,inf,"2024-02-26 01:20:48.000000"
MQ7,inf,"2024-02-26 01:20:50.000000"
MQ8,inf,"2024-02-26 01:20:50.000000"
TGS2600,0.958194315,"2024-02-26 01:20:51.000000"
TGS2602,0.961744010,"2024-02-26 01:20:51.000000"
TGS2612,0.961812496,"2024-02-26 01:20:52.000000"
MQ9,inf,"2024-02-26 01:20:52.000000"
MQ10,inf,"2024-02-26 01:20:53.000000"
MQ11,inf,"2024-02-26 01:20:53.000000"
TGS2620,0.967906594,"2024-02-26 01:20:54.000000"
TGS2603,0.122310303,"2024-02-26 01:20:54.000000"
TGS2610,0.487364620,"2024-02-26 01:20:55.000000"
TGS2611,0.331797242,"2024-02-26 01:20:55.000000"
MQ12,inf,"2024-02-26 01:20:56.000000"
,inf,"2024-02-26 01:20:58.000000"
MQ5,inf,"2024-02-26 01:20:59.000000"
MQ6,inf,"2024-02-26 01:20:59.000000"
MQ7,inf,"2024-02-26 01:21:00.000000"
MQ8,inf,"2024-02-26 01:21:00.000000"
TGS2600,0.958194315,"2024-02-26 01:21:02.000000"
TGS2602,0.961744010,"2024-02-26 01:21:03.000000"
TGS2612,0.961812496,"2024-02-26 01:21:03.000000"
MQ9,inf,"2024-02-26 01:21:04.000000"
MQ10,inf,"2024-02-26 01:21:04.000000"
MQ11,inf,"2024-02-26 01:21:05.000000"
TGS2620,0.967906594,"2024-02-26 01:21:05.000000"
TGS2603,0.122310303,"2024-02-26 01:21:06.000000"
TGS2610,0.324909747,"2024-02-26 01:21:06.000000"
TGS2611,0.497695863,"2024-02-26 01:21:07.000000"
MQ12,inf,"2024-02-26 01:21:08.000000"
,inf,"2024-02-26 01:21:10.000000"
MQ5,inf,"2024-02-26 01:21:10.000000"
MQ6,inf,"2024-02-26 01:21:11.000000"
MQ7,inf,"2024-02-26 01:21:11.000000"
MQ8,inf,"2024-02-26 01:21:12.000000"
TGS2600,0.958194315,"2024-02-26 01:21:12.000000"
TGS2602,0.961744010,"2024-02-26 01:21:13.000000"
TGS2612,0.961812496,"2024-02-26 01:21:13.000000"
MQ9,inf,"2024-02-26 01:21:14.000000"
MQ10,inf,"2024-02-26 01:21:14.000000"
MQ11,inf,"2024-02-26 01:21:15.000000"
TGS2620,1.010788560,"2024-02-26 01:21:15.000000"
TGS2603,0.122310303,"2024-02-26 01:21:16.000000"
TGS2610,1.624548674,"2024-02-26 01:21:16.000000"
TGS2611,0.331797242,"2024-02-26 01:21:17.000000"
MQ12,inf,"2024-02-26 01:21:18.000000"
,inf,"2024-02-26 01:21:20.000000"
MQ5,inf,"2024-02-26 01:21:21.000000"
MQ6,inf,"2024-02-26 01:21:21.000000"
MQ7,inf,"2024-02-26 01:21:22.000000"
MQ8,inf,"2024-02-26 01:21:22.000000"
TGS2600,0.958194315,"2024-02-26 01:21:23.000000"
TGS2602,0.961744010,"2024-02-26 01:21:23.000000"
TGS2612,0.961812496,"2024-02-26 01:21:24.000000"
MQ9,inf,"2024-02-26 01:21:25.000000"
MQ10,inf,"2024-02-26 01:21:26.000000"
MQ11,inf,"2024-02-26 01:21:26.000000"
TGS2620,0.967906594,"2024-02-26 01:21:29.000000"
TGS2603,0.122310303,"2024-02-26 01:21:29.000000"
TGS2610,0.487364620,"2024-02-26 01:21:30.000000"
TGS2611,0.497695863,"2024-02-26 01:21:30.000000"
MQ12,inf,"2024-02-26 01:21:31.000000"
,inf,"2024-02-26 01:21:34.000000"
MQ5,inf,"2024-02-26 01:21:34.000000"
MQ6,inf,"2024-02-26 01:21:35.000000"
MQ7,inf,"2024-02-26 01:21:35.000000"
MQ8,inf,"2024-02-26 01:21:36.000000"
TGS2600,1.002910018,"2024-02-26 01:21:36.000000"
TGS2602,0.961744010,"2024-02-26 01:21:37.000000"
TGS2612,0.961812496,"2024-02-26 01:21:37.000000"
MQ9,inf,"2024-02-26 01:21:38.000000"
MQ10,inf,"2024-02-26 01:21:39.000000"
MQ11,inf,"2024-02-26 01:21:40.000000"
TGS2620,0.967906594,"2024-02-26 01:21:41.000000"
TGS2603,0.163080409,"2024-02-26 01:21:42.000000"
TGS2610,0.324909747,"2024-02-26 01:21:42.000000"
TGS2611,0.663594484,"2024-02-26 01:21:42.000000"
MQ12,inf,"2024-02-26 01:21:43.000000"
,inf,"2024-02-26 01:21:45.000000"
MQ5,inf,"2024-02-26 01:21:45.000000"
MQ6,inf,"2024-02-26 01:21:46.000000"
MQ7,inf,"2024-02-26 01:21:46.000000"
MQ8,inf,"2024-02-26 01:21:47.000000"
TGS2600,0.951806366,"2024-02-26 01:21:47.000000"
TGS2602,0.955332398,"2024-02-26 01:21:48.000000"
TGS2612,0.961812496,"2024-02-26 01:21:49.000000"
MQ9,inf,"2024-02-26 01:21:50.000000"
MQ10,inf,"2024-02-26 01:21:50.000000"
MQ11,inf,"2024-02-26 01:21:51.000000"
TGS2620,0.961780608,"2024-02-26 01:21:51.000000"
TGS2603,0.122310303,"2024-02-26 01:21:53.000000"
TGS2610,1.299638987,"2024-02-26 01:21:54.000000"
TGS2611,1.658986211,"2024-02-26 01:21:56.000000"
MQ12,inf,"2024-02-26 01:21:56.000000"
,inf,"2024-02-26 01:21:59.000000"
MQ5,inf,"2024-02-26 01:22:00.000000"
MQ6,inf,"2024-02-26 01:22:00.000000"
MQ7,inf,"2024-02-26 01:22:01.000000"
MQ8,inf,"2024-02-26 01:22:03.000000"
TGS2600,0.958194315,"2024-02-26 01:22:04.000000"
TGS2602,0.961744010,"2024-02-26 01:22:05.000000"
TGS2612,1.025933385,"2024-02-26 01:22:05.000000"
MQ9,inf,"2024-02-26 01:22:06.000000"
MQ10,inf,"2024-02-26 01:22:06.000000"
MQ11,inf,"2024-02-26 01:22:07.000000"
TGS2620,1.029166460,"2024-02-26 01:22:07.000000"
TGS2603,0.163080409,"2024-02-26 01:22:08.000000"
TGS2610,1.624548674,"2024-02-26 01:22:10.000000"
TGS2611,0.497695863,"2024-02-26 01:22:11.000000"
MQ12,inf,"2024-02-26 01:22:12.000000"
,inf,"2024-02-26 01:22:14.000000"
MQ5,inf,"2024-02-26 01:22:16.000000"
MQ6,inf,"2024-02-26 01:22:16.000000"
MQ7,inf,"2024-02-26 01:22:17.000000"
MQ8,inf,"2024-02-26 01:22:17.000000"
TGS2600,0.958194315,"2024-02-26 01:22:18.000000"
TGS2602,1.013036966,"2024-02-26 01:22:18.000000"
TGS2612,0.961812496,"2024-02-26 01:22:19.000000"
MQ9,inf,"2024-02-26 01:22:20.000000"
MQ10,inf,"2024-02-26 01:22:21.000000"
MQ11,inf,"2024-02-26 01:22:22.000000"
TGS2620,0.967906594,"2024-02-26 01:22:22.000000"
TGS2603,0.122310303,"2024-02-26 01:22:23.000000"
TGS2610,0.487364620,"2024-02-26 01:22:23.000000"
TGS2611,0.497695863,"2024-02-26 01:22:24.000000"
MQ12,inf,"2024-02-26 01:22:24.000000"
,inf,"2024-02-26 01:22:27.000000"
MQ5,inf,"2024-02-26 01:22:27.000000"
MQ6,inf,"2024-02-26 01:22:28.000000"
MQ7,inf,"2024-02-26 01:22:28.000000"
,inf,"2024-02-26 01:22:34.000000"
MQ5,inf,"2024-02-26 01:22:34.000000"
MQ6,inf,"2024-02-26 01:22:35.000000"
MQ7,inf,"2024-02-26 01:22:35.000000"
MQ8,inf,"2024-02-26 01:22:36.000000"
TGS2600,0.958194315,"2024-02-26 01:22:36.000000"
TGS2602,0.961744010,"2024-02-26 01:22:38.000000"
TGS2612,1.025933385,"2024-02-26 01:22:38.000000"
MQ9,inf,"2024-02-26 01:22:39.000000"
MQ10,inf,"2024-02-26 01:22:39.000000"
MQ11,inf,"2024-02-26 01:22:40.000000"
TGS2620,1.010788560,"2024-02-26 01:22:40.000000"
TGS2603,0.081540205,"2024-02-26 01:22:41.000000"
TGS2610,0.487364620,"2024-02-26 01:22:42.000000"
TGS2611,1.493087530,"2024-02-26 01:22:43.000000"
MQ12,inf,"2024-02-26 01:22:45.000000"
,inf,"2024-02-26 01:22:47.000000"
MQ5,inf,"2024-02-26 01:22:47.000000"
MQ6,inf,"2024-02-26 01:22:48.000000"
MQ7,inf,"2024-02-26 01:22:48.000000"
MQ8,inf,"2024-02-26 01:22:49.000000"
TGS2600,0.958194315,"2024-02-26 01:22:50.000000"
TGS2602,0.961744010,"2024-02-26 01:22:52.000000"
TGS2612,0.961812496,"2024-02-26 01:22:53.000000"
MQ9,inf,"2024-02-26 01:22:54.000000"
MQ10,inf,"2024-02-26 01:22:54.000000"
MQ11,inf,"2024-02-26 01:22:55.000000"
TGS2620,0.967906594,"2024-02-26 01:22:56.000000"
TGS2603,0.122310303,"2024-02-26 01:22:57.000000"
TGS2610,0.324909747,"2024-02-26 01:22:57.000000"
TGS2611,0.331797242,"2024-02-26 01:22:58.000000"
MQ12,inf,"2024-02-26 01:22:58.000000"
,inf,"2024-02-26 01:23:01.000000"
MQ5,inf,"2024-02-26 01:23:01.000000"
MQ6,inf,"2024-02-26 01:23:02.000000"
MQ7,inf,"2024-02-26 01:23:02.000000"
MQ8,inf,"2024-02-26 01:23:03.000000"
TGS2600,0.958194315,"2024-02-26 01:23:03.000000"
TGS2602,0.961744010,"2024-02-26 01:23:04.000000"
TGS2612,0.961812496,"2024-02-26 01:23:05.000000"
MQ9,inf,"2024-02-26 01:23:06.000000"
MQ10,inf,"2024-02-26 01:23:06.000000"
MQ11,inf,"2024-02-26 01:23:06.000000"
TGS2620,0.967906594,"2024-02-26 01:23:07.000000"
TGS2603,0.122310303,"2024-02-26 01:23:07.000000"
TGS2610,0.487364620,"2024-02-26 01:23:08.000000"
TGS2611,0.497695863,"2024-02-26 01:23:08.000000"
MQ12,inf,"2024-02-26 01:23:09.000000"
,inf,"2024-02-26 01:23:11.000000"
MQ5,inf,"2024-02-26 01:23:11.000000"
MQ6,inf,"2024-02-26 01:23:11.000000"
MQ7,inf,"2024-02-26 01:23:12.000000"
MQ8,inf,"2024-02-26 01:23:12.000000"
TGS2600,0.958194315,"2024-02-26 01:23:13.000000"
TGS2602,0.961744010,"2024-02-26 01:23:13.000000"
TGS2612,0.961812496,"2024-02-26 01:23:14.000000"
MQ9,inf,"2024-02-26 01:23:14.000000"
MQ10,inf,"2024-02-26 01:23:15.000000"
MQ11,inf,"2024-02-26 01:23:16.000000"
TGS2620,0.961780608,"2024-02-26 01:23:16.000000"
TGS2603,0.122310303,"2024-02-26 01:23:17.000000"
TGS2610,0.487364620,"2024-02-26 01:23:18.000000"
TGS2611,0.497695863,"2024-02-26 01:23:18.000000"
MQ12,inf,"2024-02-26 01:23:18.000000"
,inf,"2024-02-26 01:23:21.000000"
MQ5,inf,"2024-02-26 01:23:21.000000"
MQ6,inf,"2024-02-26 01:23:22.000000"
MQ7,inf,"2024-02-26 01:23:22.000000"
MQ8,inf,"2024-02-26 01:23:23.000000"
TGS2600,0.958194315,"2024-02-26 01:23:23.000000"
TGS2602,0.961744010,"2024-02-26 01:23:24.000000"
TGS2612,0.955400407,"2024-02-26 01:23:24.000000"
MQ9,inf,"2024-02-26 01:23:25.000000"
MQ10,inf,"2024-02-26 01:23:25.000000"
MQ11,inf,"2024-02-26 01:23:25.000000"
TGS2620,0.961780608,"2024-02-26 01:23:26.000000"
TGS2603,0.163080409,"2024-02-26 01:23:26.000000"
TGS2610,0.162454873,"2024-02-26 01:23:27.000000"
TGS2611,0.331797242,"2024-02-26 01:23:27.000000"
MQ12,inf,"2024-02-26 01:23:27.000000"
,inf,"2024-02-26 01:23:30.000000"
MQ5,inf,"2024-02-26 01:23:30.000000"
MQ6,inf,"2024-02-26 01:23:31.000000"
MQ7,inf,"2024-02-26 01:23:31.000000"
MQ8,inf,"2024-02-26 01:23:33.000000"
TGS2600,0.958194315,"2024-02-26 01:23:33.000000"
TGS2602,1.013036966,"2024-02-26 01:23:35.000000"
TGS2612,0.961812496,"2024-02-26 01:23:36.000000"
MQ9,inf,"2024-02-26 01:23:36.000000"
MQ10,inf,"2024-02-26 01:23:39.000000"
MQ11,inf,"2024-02-26 01:23:39.000000"
TGS2620,1.004662514,"2024-02-26 01:23:40.000000"
TGS2603,0.122310303,"2024-02-26 01:23:41.000000"
TGS2610,1.462093830,"2024-02-26 01:23:42.000000"
TGS2611,0.497695863,"2024-02-26 01:23:43.000000"
MQ12,inf,"2024-02-26 01:23:43.000000"
,inf,"2024-02-26 01:23:46.000000"
MQ5,inf,"2024-02-26 01:23:47.000000"
MQ6,inf,"2024-02-26 01:23:48.000000"
MQ7,inf,"2024-02-26 01:23:48.000000"
MQ8,inf,"2024-02-26 01:23:49.000000"
TGS2600,0.958194315,"2024-02-26 01:23:50.000000"
TGS2602,0.961744010,"2024-02-26 01:23:50.000000"
TGS2612,1.013109207,"2024-02-26 01:23:51.000000"
MQ9,inf,"2024-02-26 01:23:52.000000"
MQ10,inf,"2024-02-26 01:23:54.000000"
MQ11,inf,"2024-02-26 01:23:54.000000"
TGS2620,0.967906594,"2024-02-26 01:23:55.000000"
TGS2603,0.081540205,"2024-02-26 01:23:55.000000"
TGS2610,0.487364620,"2024-02-26 01:23:57.000000"
TGS2611,0.331797242,"2024-02-26 01:23:57.000000"
MQ12,inf,"2024-02-26 01:23:58.000000"
,inf,"2024-02-26 01:24:01.000000"
MQ5,inf,"2024-02-26 01:24:01.000000"
MQ6,inf,"2024-02-26 01:24:01.000000"
MQ7,inf,"2024-02-26 01:24:03.000000"
MQ8,inf,"2024-02-26 01:24:04.000000"
TGS2600,0.958194315,"2024-02-26 01:24:04.000000"
TGS2602,0.961744010,"2024-02-26 01:24:04.000000"
TGS2612,0.961812496,"2024-02-26 01:24:05.000000"
MQ9,inf,"2024-02-26 01:24:05.000000"
MQ10,inf,"2024-02-26 01:24:05.000000"
MQ11,inf,"2024-02-26 01:24:06.000000"
TGS2620,0.967906594,"2024-02-26 01:24:06.000000"
TGS2603,0.081540205,"2024-02-26 01:24:07.000000"
TGS2610,0.487364620,"2024-02-26 01:24:08.000000"
TGS2611,0.497695863,"2024-02-26 01:24:08.000000"
MQ12,inf,"2024-02-26 01:24:09.000000"
,inf,"2024-02-26 01:24:11.000000"
MQ5,inf,"2024-02-26 01:24:12.000000"
MQ6,inf,"2024-02-26 01:24:12.000000"
MQ7,inf,"2024-02-26 01:24:12.000000"
MQ8,inf,"2024-02-26 01:24:13.000000"
TGS2600,0.951806366,"2024-02-26 01:24:13.000000"
TGS2602,0.955332398,"2024-02-26 01:24:13.000000"
TGS2612,0.955400407,"2024-02-26 01:24:14.000000"
MQ9,inf,"2024-02-26 01:24:14.000000"
MQ10,inf,"2024-02-26 01:24:15.000000"
MQ11,inf,"2024-02-26 01:24:15.000000"
TGS2620,0.961780608,"2024-02-26 01:24:15.000000"
TGS2603,0.122310303,"2024-02-26 01:24:16.000000"
TGS2610,0.162454873,"2024-02-26 01:24:16.000000"
TGS2611,0.497695863,"2024-02-26 01:24:16.000000"
MQ12,inf,"2024-02-26 01:24:17.000000"
,inf,"2024-02-26 01:24:19.000000"
MQ5,inf,"2024-02-26 01:24:19.000000"
MQ6,inf,"2024-02-26 01:24:20.000000"
MQ7,inf,"2024-02-26 01:24:20.000000"
MQ8,inf,"2024-02-26 01:24:21.000000"
TGS2600,0.958194315,"2024-02-26 01:24:21.000000"
TGS2602,0.955332398,"2024-02-26 01:24:22.000000"
TGS2612,0.961812496,"2024-02-26 01:24:22.000000"
MQ9,inf,"2024-02-26 01:24:23.000000"
MQ10,inf,"2024-02-26 01:24:24.000000"
MQ11,inf,"2024-02-26 01:24:24.000000"
TGS2620,0.961780608,"2024-02-26 01:24:24.000000"
TGS2603,0.163080409,"2024-02-26 01:24:25.000000"
TGS2610,0.487364620,"2024-02-26 01:24:25.000000"
TGS2611,0.497695863,"2024-02-26 01:24:25.000000"
MQ12,inf,"2024-02-26 01:24:26.000000"
,inf,"2024-02-26 01:24:28.000000"
MQ5,inf,"2024-02-26 01:24:29.000000"
MQ6,inf,"2024-02-26 01:24:29.000000"
MQ7,inf,"2024-02-26 01:24:29.000000"
MQ8,inf,"2024-02-26 01:24:30.000000"
TGS2600,0.958194315,"2024-02-26 01:24:30.000000"
TGS2602,0.961744010,"2024-02-26 01:24:31.000000"
TGS2612,0.955400407,"2024-02-26 01:24:31.000000"
MQ9,inf,"2024-02-26 01:24:32.000000"
MQ10,inf,"2024-02-26 01:24:32.000000"
MQ11,inf,"2024-02-26 01:24:33.000000"
TGS2620,0.961780608,"2024-02-26 01:24:33.000000"
TGS2603,0.163080409,"2024-02-26 01:24:33.000000"
TGS2610,0.324909747,"2024-02-26 01:24:34.000000"
TGS2611,0.165898621,"2024-02-26 01:24:35.000000"
MQ12,inf,"2024-02-26 01:24:35.000000"
,inf,"2024-02-26 01:24:38.000000"
MQ5,inf,"2024-02-26 01:24:38.000000"
MQ6,inf,"2024-02-26 01:24:39.000000"
MQ7,inf,"2024-02-26 01:24:39.000000"
MQ8,inf,"2024-02-26 01:24:40.000000"
TGS2600,0.951806366,"2024-02-26 01:24:40.000000"
TGS2602,0.955332398,"2024-02-26 01:24:41.000000"
TGS2612,0.961812496,"2024-02-26 01:24:41.000000"
MQ9,inf,"2024-02-26 01:24:42.000000"
MQ10,inf,"2024-02-26 01:24:42.000000"
MQ11,inf,"2024-02-26 01:24:43.000000"
TGS2620,0.961780608,"2024-02-26 01:24:43.000000"
TGS2603,0.122310303,"2024-02-26 01:24:44.000000"
TGS2610,0.162454873,"2024-02-26 01:24:44.000000"
TGS2611,0.331797242,"2024-02-26 01:24:44.000000"
MQ12,inf,"2024-02-26 01:24:45.000000"
,inf,"2024-02-26 01:24:47.000000"
MQ5,inf,"2024-02-26 01:24:48.000000"
MQ6,inf,"2024-02-26 01:24:48.000000"
MQ7,inf,"2024-02-26 01:24:49.000000"
MQ8,inf,"2024-02-26 01:24:49.000000"
TGS2600,0.958194315,"2024-02-26 01:24:50.000000"
TGS2602,0.961744010,"2024-02-26 01:24:52.000000"
TGS2612,0.961812496,"2024-02-26 01:24:53.000000"
MQ9,inf,"2024-02-26 01:24:53.000000"
MQ10,inf,"2024-02-26 01:24:54.000000"
MQ11,inf,"2024-02-26 01:24:54.000000"
TGS2620,0.967906594,"2024-02-26 01:24:55.000000"
TGS2603,0.081540205,"2024-02-26 01:24:55.000000"
TGS2610,0.162454873,"2024-02-26 01:24:56.000000"
TGS2611,0.497695863,"2024-02-26 01:24:56.000000"
MQ12,inf,"2024-02-26 01:24:56.000000"
,inf,"2024-02-26 01:24:59.000000"
MQ5,inf,"2024-02-26 01:24:59.000000"
MQ6,inf,"2024-02-26 01:24:59.000000"
MQ7,inf,"2024-02-26 01:25:00.000000"
MQ8,inf,"2024-02-26 01:25:01.000000"
TGS2600,1.379799843,"2024-02-26 01:25:01.000000"
TGS2602,1.442615986,"2024-02-26 01:25:02.000000"
TGS2612,1.468367100,"2024-02-26 01:25:02.000000"
MQ9,inf,"2024-02-26 01:25:03.000000"
MQ10,inf,"2024-02-26 01:25:03.000000"
MQ11,inf,"2024-02-26 01:25:04.000000"
TGS2620,1.402851939,"2024-02-26 01:25:04.000000"
TGS2603,0.203850508,"2024-02-26 01:25:05.000000"
TGS2610,0.324909747,"2024-02-26 01:25:05.000000"
TGS2611,0.165898621,"2024-02-26 01:25:05.000000"
MQ12,inf,"2024-02-26 01:25:06.000000"
,inf,"2024-02-26 01:25:08.000000"
MQ5,inf,"2024-02-26 01:25:09.000000"
MQ6,inf,"2024-02-26 01:25:09.000000"
MQ7,inf,"2024-02-26 01:25:09.000000"
MQ8,inf,"2024-02-26 01:25:10.000000"
TGS2600,1.584214568,"2024-02-26 01:25:11.000000"
TGS2602,1.577260137,"2024-02-26 01:25:12.000000"
TGS2612,1.551724195,"2024-02-26 01:25:14.000000"
MQ9,inf,"2024-02-26 01:25:14.000000"
MQ10,inf,"2024-02-26 01:25:17.000000"
MQ11,inf,"2024-02-26 01:25:17.000000"
TGS2620,1.310962081,"2024-02-26 01:25:18.000000"
TGS2603,0.407701015,"2024-02-26 01:25:18.000000"
TGS2610,0.487364620,"2024-02-26 01:25:19.000000"
TGS2611,0.331797242,"2024-02-26 01:25:20.000000"
MQ12,inf,"2024-02-26 01:25:20.000000"
,inf,"2024-02-26 01:25:24.000000"
MQ5,inf,"2024-02-26 01:25:25.000000"
MQ6,inf,"2024-02-26 01:25:25.000000"
MQ7,inf,"2024-02-26 01:25:25.000000"
MQ8,inf,"2024-02-26 01:25:26.000000"
TGS2600,1.367023826,"2024-02-26 01:25:26.000000"
TGS2602,1.359264851,"2024-02-26 01:25:27.000000"
TGS2612,1.417070389,"2024-02-26 01:25:27.000000"
MQ9,inf,"2024-02-26 01:25:28.000000"
MQ10,inf,"2024-02-26 01:25:29.000000"
MQ11,inf,"2024-02-26 01:25:30.000000"
TGS2620,1.200694203,"2024-02-26 01:25:30.000000"
TGS2603,0.122310303,"2024-02-26 01:25:31.000000"
,inf,"2024-02-26 01:25:37.000000"
MQ5,inf,"2024-02-26 01:25:37.000000"
MQ6,inf,"2024-02-26 01:25:38.000000"
MQ7,inf,"2024-02-26 01:25:40.000000"
MQ8,inf,"2024-02-26 01:25:40.000000"
TGS2600,1.200936913,"2024-02-26 01:25:41.000000"
TGS2602,1.205385804,"2024-02-26 01:25:41.000000"
TGS2612,1.179823399,"2024-02-26 01:25:44.000000"
MQ9,inf,"2024-02-26 01:25:44.000000"
MQ10,inf,"2024-02-26 01:25:45.000000"
MQ11,inf,"2024-02-26 01:25:45.000000"
TGS2620,1.090426445,"2024-02-26 01:25:47.000000"
TGS2603,0.081540205,"2024-02-26 01:25:47.000000"
TGS2610,0.487364620,"2024-02-26 01:25:48.000000"
TGS2611,0.165898621,"2024-02-26 01:25:49.000000"
MQ12,inf,"2024-02-26 01:25:49.000000"
,inf,"2024-02-26 01:25:52.000000"
MQ5,inf,"2024-02-26 01:25:52.000000"
MQ6,inf,"2024-02-26 01:25:53.000000"
MQ7,inf,"2024-02-26 01:25:53.000000"
MQ8,inf,"2024-02-26 01:25:55.000000"
TGS2600,1.105117440,"2024-02-26 01:25:55.000000"
TGS2602,1.102799773,"2024-02-26 01:25:56.000000"
TGS2612,1.096466303,"2024-02-26 01:25:57.000000"
MQ9,inf,"2024-02-26 01:25:57.000000"
MQ10,inf,"2024-02-26 01:26:00.000000"
MQ11,inf,"2024-02-26 01:26:00.000000"
TGS2620,1.035292506,"2024-02-26 01:26:01.000000"
TGS2603,0.122310303,"2024-02-26 01:26:01.000000"
TGS2610,1.137184143,"2024-02-26 01:26:02.000000"
TGS2611,0.165898621,"2024-02-26 01:26:02.000000"
MQ12,inf,"2024-02-26 01:26:04.000000"
,inf,"2024-02-26 01:26:07.000000"
MQ5,inf,"2024-02-26 01:26:09.000000"
MQ6,inf,"2024-02-26 01:26:10.000000"
MQ7,inf,"2024-02-26 01:26:12.000000"
MQ8,inf,"2024-02-26 01:26:15.000000"
TGS2600,1.079565644,"2024-02-26 01:26:15.000000"
TGS2602,1.032271862,"2024-02-26 01:26:15.000000"
TGS2612,1.025933385,"2024-02-26 01:26:16.000000"
MQ9,inf,"2024-02-26 01:26:16.000000"
MQ10,inf,"2024-02-26 01:26:17.000000"
MQ11,inf,"2024-02-26 01:26:17.000000"
TGS2620,0.998536527,"2024-02-26 01:26:17.000000"
TGS2603,0.122310303,"2024-02-26 01:26:18.000000"
TGS2610,0.324909747,"2024-02-26 01:26:18.000000"
,inf,"2024-02-26 01:26:23.000000"
MQ5,inf,"2024-02-26 01:26:24.000000"
MQ6,inf,"2024-02-26 01:26:24.000000"
MQ7,inf,"2024-02-26 01:26:25.000000"
MQ8,inf,"2024-02-26 01:26:25.000000"
TGS2600,1.002910018,"2024-02-26 01:26:26.000000"
TGS2602,1.013036966,"2024-02-26 01:26:27.000000"
TGS2612,1.006697059,"2024-02-26 01:26:27.000000"
MQ9,inf,"2024-02-26 01:26:28.000000"
MQ10,inf,"2024-02-26 01:26:29.000000"
MQ11,inf,"2024-02-26 01:26:29.000000"
TGS2620,0.992410541,"2024-02-26 01:26:30.000000"
TGS2603,0.081540205,"2024-02-26 01:26:31.000000"
TGS2610,0.487364620,"2024-02-26 01:26:32.000000"
TGS2611,0.497695863,"2024-02-26 01:26:32.000000"
MQ12,inf,"2024-02-26 01:26:33.000000"
,inf,"2024-02-26 01:26:35.000000"
MQ5,inf,"2024-02-26 01:26:36.000000"
MQ6,inf,"2024-02-26 01:26:36.000000"
MQ7,inf,"2024-02-26 01:26:38.000000"
MQ8,inf,"2024-02-26 01:26:38.000000"
TGS2600,0.983746171,"2024-02-26 01:26:39.000000"
TGS2602,0.980978906,"2024-02-26 01:26:40.000000"
TGS2612,1.000285029,"2024-02-26 01:26:41.000000"
MQ9,inf,"2024-02-26 01:26:41.000000"
MQ10,inf,"2024-02-26 01:26:43.000000"
MQ11,inf,"2024-02-26 01:26:45.000000"
TGS2620,0.986284554,"2024-02-26 01:26:45.000000"
TGS2603,0.122310303,"2024-02-26 01:26:45.000000"
TGS2610,0.162454873,"2024-02-26 01:26:48.000000"
TGS2611,0.497695863,"2024-02-26 01:26:50.000000"
,inf,"2024-02-26 01:26:54.000000"
MQ5,inf,"2024-02-26 01:26:55.000000"
MQ6,inf,"2024-02-26 01:26:56.000000"
MQ7,inf,"2024-02-26 01:26:57.000000"
MQ8,inf,"2024-02-26 01:26:58.000000"
TGS2600,0.977358222,"2024-02-26 01:26:59.000000"
TGS2602,0.980978906,"2024-02-26 01:26:59.000000"
TGS2612,0.981048763,"2024-02-26 01:27:02.000000"
MQ9,inf,"2024-02-26 01:27:02.000000"
MQ10,inf,"2024-02-26 01:27:04.000000"
MQ11,inf,"2024-02-26 01:27:04.000000"
TGS2620,0.980158567,"2024-02-26 01:27:04.000000"
TGS2603,0.122310303,"2024-02-26 01:27:05.000000"
TGS2610,0.487364620,"2024-02-26 01:27:06.000000"
TGS2611,0.497695863,"2024-02-26 01:27:06.000000"
MQ12,inf,"2024-02-26 01:27:07.000000"
,inf,"2024-02-26 01:27:09.000000"
MQ5,inf,"2024-02-26 01:27:09.000000"
MQ6,inf,"2024-02-26 01:27:09.000000"
MQ7,inf,"2024-02-26 01:27:10.000000"
MQ8,inf,"2024-02-26 01:27:10.000000"
TGS2600,0.970970213,"2024-02-26 01:27:11.000000"
TGS2602,0.974567235,"2024-02-26 01:27:12.000000"
TGS2612,0.981048763,"2024-02-26 01:27:14.000000"
MQ9,inf,"2024-02-26 01:27:15.000000"
MQ10,inf,"2024-02-26 01:27:15.000000"
MQ11,inf,"2024-02-26 01:27:17.000000"
TGS2620,0.980158567,"2024-02-26 01:27:17.000000"
TGS2603,0.407701015,"2024-02-26 01:27:18.000000"
TGS2610,0.487364620,"2024-02-26 01:27:18.000000"
TGS2611,0.331797242,"2024-02-26 01:27:19.000000"
MQ12,inf,"2024-02-26 01:27:19.000000"
,inf,"2024-02-26 01:27:22.000000"
MQ5,inf,"2024-02-26 01:27:22.000000"
MQ6,inf,"2024-02-26 01:27:23.000000"
MQ7,inf,"2024-02-26 01:27:23.000000"
MQ8,inf,"2024-02-26 01:27:24.000000"
TGS2600,0.970970213,"2024-02-26 01:27:25.000000"
TGS2602,0.974567235,"2024-02-26 01:27:25.000000"
TGS2612,1.032345414,"2024-02-26 01:27:27.000000"
MQ9,inf,"2024-02-26 01:27:27.000000"
MQ10,inf,"2024-02-26 01:27:28.000000"
MQ11,inf,"2024-02-26 01:27:29.000000"
TGS2620,0.980158567,"2024-02-26 01:27:29.000000"
TGS2603,0.081540205,"2024-02-26 01:27:30.000000"
TGS2610,0.487364620,"2024-02-26 01:27:30.000000"
TGS2611,0.497695863,"2024-02-26 01:27:31.000000"
MQ12,inf,"2024-02-26 01:27:31.000000"
,inf,"2024-02-26 01:27:33.000000"
MQ5,inf,"2024-02-26 01:27:33.000000"
MQ6,inf,"2024-02-26 01:27:34.000000"
MQ7,inf,"2024-02-26 01:27:34.000000"
MQ8,inf,"2024-02-26 01:27:35.000000"
TGS2600,0.970970213,"2024-02-26 01:27:35.000000"
TGS2602,1.032271862,"2024-02-26 01:27:37.000000"
TGS2612,0.974636674,"2024-02-26 01:27:37.000000"
MQ9,inf,"2024-02-26 01:27:38.000000"
MQ10,inf,"2024-02-26 01:27:39.000000"
MQ11,inf,"2024-02-26 01:27:42.000000"
TGS2620,0.980158567,"2024-02-26 01:27:42.000000"
TGS2603,0.081540205,"2024-02-26 01:27:44.000000"
TGS2610,0.649819493,"2024-02-26 01:27:44.000000"
TGS2611,0.165898621,"2024-02-26 01:27:45.000000"
MQ12,inf,"2024-02-26 01:27:47.000000"
,inf,"2024-02-26 01:27:50.000000"
MQ5,inf,"2024-02-26 01:27:50.000000"
MQ6,inf,"2024-02-26 01:27:52.000000"
MQ7,inf,"2024-02-26 01:27:52.000000"
MQ8,inf,"2024-02-26 01:27:53.000000"
TGS2600,0.983746171,"2024-02-26 01:27:53.000000"
TGS2602,1.038683534,"2024-02-26 01:27:54.000000"
TGS2612,0.981048763,"2024-02-26 01:27:55.000000"
MQ9,inf,"2024-02-26 01:27:56.000000"
MQ10,inf,"2024-02-26 01:27:56.000000"
MQ11,inf,"2024-02-26 01:27:56.000000"
TGS2620,0.986284554,"2024-02-26 01:27:57.000000"
TGS2603,0.081540205,"2024-02-26 01:27:57.000000"
TGS2610,0.649819493,"2024-02-26 01:27:58.000000"
TGS2611,0.497695863,"2024-02-26 01:27:58.000000"
MQ12,inf,"2024-02-26 01:27:58.000000"
,inf,"2024-02-26 01:28:01.000000"
MQ5,inf,"2024-02-26 01:28:01.000000"
MQ6,inf,"2024-02-26 01:28:02.000000"
MQ7,inf,"2024-02-26 01:28:02.000000"
MQ8,inf,"2024-02-26 01:28:08.000000"
,inf,"2024-02-26 01:28:09.000000"
MQ5,inf,"2024-02-26 01:28:09.000000"
,inf,"2024-02-26 01:28:15.000000"
MQ5,inf,"2024-02-26 01:28:16.000000"
MQ6,inf,"2024-02-26 01:28:16.000000"
MQ7,inf,"2024-02-26 01:28:18.000000"
MQ8,inf,"2024-02-26 01:28:18.000000"
TGS2600,0.977358222,"2024-02-26 01:28:19.000000"
TGS2602,0.980978906,"2024-02-26 01:28:19.000000"
TGS2612,0.981048763,"2024-02-26 01:28:21.000000"
MQ9,inf,"2024-02-26 01:28:23.000000"
MQ10,inf,"2024-02-26 01:28:23.000000"
MQ11,inf,"2024-02-26 01:28:23.000000"
TGS2620,0.980158567,"2024-02-26 01:28:24.000000"
TGS2603,0.122310303,"2024-02-26 01:28:25.000000"
TGS2610,0.649819493,"2024-02-26 01:28:25.000000"
TGS2611,0.497695863,"2024-02-26 01:28:26.000000"
MQ12,inf,"2024-02-26 01:28:26.000000"
,inf,"2024-02-26 01:28:31.000000"
MQ5,inf,"2024-02-26 01:28:31.000000"
MQ6,inf,"2024-02-26 01:28:32.000000"
MQ7,inf,"2024-02-26 01:28:32.000000"
MQ8,inf,"2024-02-26 01:28:33.000000"
TGS2600,0.970970213,"2024-02-26 01:28:33.000000"
TGS2602,0.980978906,"2024-02-26 01:28:35.000000"
TGS2612,0.974636674,"2024-02-26 01:28:35.000000"
MQ9,inf,"2024-02-26 01:28:35.000000"
MQ10,inf,"2024-02-26 01:28:36.000000"
MQ11,inf,"2024-02-26 01:28:36.000000"
TGS2620,0.980158567,"2024-02-26 01:28:37.000000"
TGS2603,0.122310303,"2024-02-26 01:28:37.000000"
TGS2610,0.324909747,"2024-02-26 01:28:38.000000"
TGS2611,0.497695863,"2024-02-26 01:28:38.000000"
MQ12,inf,"2024-02-26 01:28:39.000000"
,inf,"2024-02-26 01:28:41.000000"
MQ5,inf,"2024-02-26 01:28:42.000000"
MQ6,inf,"2024-02-26 01:28:43.000000"
,inf,"2024-02-26 01:28:48.000000"
MQ5,inf,"2024-02-26 01:28:49.000000"
MQ6,inf,"2024-02-26 01:28:51.000000"
MQ7,inf,"2024-02-26 01:28:51.000000"
MQ8,inf,"2024-02-26 01:28:52.000000"
TGS2600,0.977358222,"2024-02-26 01:28:52.000000"
TGS2602,1.045095205,"2024-02-26 01:28:53.000000"
TGS2612,0.981048763,"2024-02-26 01:28:53.000000"
MQ9,inf,"2024-02-26 01:28:54.000000"
MQ10,inf,"2024-02-26 01:28:55.000000"
MQ11,inf,"2024-02-26 01:28:56.000000"
TGS2620,0.980158567,"2024-02-26 01:28:56.000000"
TGS2603,0.081540205,"2024-02-26 01:28:57.000000"
TGS2610,0.487364620,"2024-02-26 01:28:57.000000"
TGS2611,0.165898621,"2024-02-26 01:28:58.000000"
MQ12,inf,"2024-02-26 01:28:59.000000"
,inf,"2024-02-26 01:29:01.000000"
MQ5,inf,"2024-02-26 01:29:01.000000"
MQ6,inf,"2024-02-26 01:29:02.000000"
MQ7,inf,"2024-02-26 01:29:02.000000"
MQ8,inf,"2024-02-26 01:29:03.000000"
TGS2600,1.041237831,"2024-02-26 01:29:04.000000"
TGS2602,0.980978906,"2024-02-26 01:29:05.000000"
TGS2612,0.974636674,"2024-02-26 01:29:05.000000"
MQ9,inf,"2024-02-26 01:29:06.000000"
MQ10,inf,"2024-02-26 01:29:06.000000"
MQ11,inf,"2024-02-26 01:29:08.000000"
TGS2620,0.980158567,"2024-02-26 01:29:08.000000"
TGS2603,0.122310303,"2024-02-26 01:29:09.000000"
TGS2610,0.324909747,"2024-02-26 01:29:09.000000"
TGS2611,0.497695863,"2024-02-26 01:29:12.000000"
MQ12,inf,"2024-02-26 01:29:12.000000"
,inf,"2024-02-26 01:29:14.000000"
MQ5,inf,"2024-02-26 01:29:15.000000"
MQ6,inf,"2024-02-26 01:29:16.000000"
MQ7,inf,"2024-02-26 01:29:16.000000"
MQ8,inf,"2024-02-26 01:29:16.000000"
TGS2600,0.970970213,"2024-02-26 01:29:17.000000"
TGS2602,0.974567235,"2024-02-26 01:29:17.000000"
TGS2612,0.974636674,"2024-02-26 01:29:18.000000"
MQ9,inf,"2024-02-26 01:29:18.000000"
MQ10,inf,"2024-02-26 01:29:19.000000"
MQ11,inf,"2024-02-26 01:29:19.000000"
TGS2620,0.980158567,"2024-02-26 01:29:20.000000"
TGS2603,0.122310303,"2024-02-26 01:29:20.000000"
TGS2610,0.324909747,"2024-02-26 01:29:20.000000"
TGS2611,0.497695863,"2024-02-26 01:29:21.000000"
MQ12,inf,"2024-02-26 01:29:21.000000"
,inf,"2024-02-26 01:29:24.000000"
MQ5,inf,"2024-02-26 01:29:24.000000"
MQ6,inf,"2024-02-26 01:29:26.000000"
MQ7,inf,"2024-02-26 01:29:26.000000"
MQ8,inf,"2024-02-26 01:29:27.000000"
TGS2600,0.970970213,"2024-02-26 01:29:27.000000"
TGS2602,0.974567235,"2024-02-26 01:29:28.000000"
TGS2612,0.974636674,"2024-02-26 01:29:29.000000"
MQ9,inf,"2024-02-26 01:29:29.000000"
MQ10,inf,"2024-02-26 01:29:30.000000"
MQ11,inf,"2024-02-26 01:29:30.000000"
TGS2620,0.980158567,"2024-02-26 01:29:31.000000"
TGS2603,0.122310303,"2024-02-26 01:29:32.000000"
TGS2610,0.487364620,"2024-02-26 01:29:34.000000"
TGS2611,0.497695863,"2024-02-26 01:29:34.000000"
MQ12,inf,"2024-02-26 01:29:36.000000"
,inf,"2024-02-26 01:29:38.000000"
MQ5,inf,"2024-02-26 01:29:38.000000"
MQ6,inf,"2024-02-26 01:29:39.000000"
MQ7,inf,"2024-02-26 01:29:40.000000"
MQ8,inf,"2024-02-26 01:29:41.000000"
TGS2600,0.970970213,"2024-02-26 01:29:41.000000"
TGS2602,0.974567235,"2024-02-26 01:29:42.000000"
TGS2612,0.974636674,"2024-02-26 01:29:43.000000"
MQ9,inf,"2024-02-26 01:29:43.000000"
MQ10,inf,"2024-02-26 01:29:44.000000"
MQ11,inf,"2024-02-26 01:29:44.000000"
TGS2620,0.980158567,"2024-02-26 01:29:45.000000"
TGS2603,0.122310303,"2024-02-26 01:29:45.000000"
TGS2610,0.324909747,"2024-02-26 01:29:46.000000"
TGS2611,0.331797242,"2024-02-26 01:29:47.000000"
MQ12,inf,"2024-02-26 01:29:49.000000"
,inf,"2024-02-26 01:29:51.000000"
MQ5,inf,"2024-02-26 01:29:52.000000"
MQ6,inf,"2024-02-26 01:29:52.000000"
MQ7,inf,"2024-02-26 01:29:53.000000"
MQ8,inf,"2024-02-26 01:29:55.000000"
TGS2600,0.970970213,"2024-02-26 01:29:55.000000"
TGS2602,0.974567235,"2024-02-26 01:29:56.000000"
TGS2612,0.974636674,"2024-02-26 01:29:56.000000"
MQ9,inf,"2024-02-26 01:29:57.000000"
MQ10,inf,"2024-02-26 01:29:57.000000"
MQ11,inf,"2024-02-26 01:29:58.000000"
TGS2620,0.980158567,"2024-02-26 01:29:58.000000"
TGS2603,0.122310303,"2024-02-26 01:29:59.000000"
TGS2610,0.324909747,"2024-02-26 01:29:59.000000"
TGS2611,0.497695863,"2024-02-26 01:30:00.000000"
MQ12,inf,"2024-02-26 01:30:02.000000"
,inf,"2024-02-26 01:30:04.000000"
MQ5,inf,"2024-02-26 01:30:05.000000"
MQ6,inf,"2024-02-26 01:30:05.000000"
MQ7,inf,"2024-02-26 01:30:06.000000"
MQ8,inf,"2024-02-26 01:30:06.000000"
TGS2600,0.970970213,"2024-02-26 01:30:07.000000"
TGS2602,0.974567235,"2024-02-26 01:30:07.000000"
TGS2612,0.974636674,"2024-02-26 01:30:08.000000"
MQ9,inf,"2024-02-26 01:30:08.000000"
MQ10,inf,"2024-02-26 01:30:09.000000"
MQ11,inf,"2024-02-26 01:30:09.000000"
TGS2620,0.974032581,"2024-02-26 01:30:10.000000"
TGS2603,0.203850508,"2024-02-26 01:30:10.000000"
TGS2610,1.624548674,"2024-02-26 01:30:11.000000"
TGS2611,1.990783453,"2024-02-26 01:30:11.000000"
MQ12,inf,"2024-02-26 01:30:12.000000"
,inf,"2024-02-26 01:30:14.000000"
MQ5,inf,"2024-02-26 01:30:14.000000"
MQ6,inf,"2024-02-26 01:30:14.000000"
MQ7,inf,"2024-02-26 01:30:15.000000"
MQ8,inf,"2024-02-26 01:30:16.000000"
TGS2600,0.970970213,"2024-02-26 01:30:16.000000"
TGS2602,0.968155622,"2024-02-26 01:30:16.000000"
TGS2612,0.974636674,"2024-02-26 01:30:17.000000"
MQ9,inf,"2024-02-26 01:30:17.000000"
MQ10,inf,"2024-02-26 01:30:18.000000"
MQ11,inf,"2024-02-26 01:30:18.000000"
TGS2620,0.967906594,"2024-02-26 01:30:18.000000"
TGS2603,0.081540205,"2024-02-26 01:30:19.000000"
TGS2610,0.324909747,"2024-02-26 01:30:19.000000"
TGS2611,0.331797242,"2024-02-26 01:30:20.000000"
MQ12,inf,"2024-02-26 01:30:20.000000"
,inf,"2024-02-26 01:30:23.000000"
MQ5,inf,"2024-02-26 01:30:23.000000"
MQ6,inf,"2024-02-26 01:30:24.000000"
MQ7,inf,"2024-02-26 01:30:24.000000"
MQ8,inf,"2024-02-26 01:30:24.000000"
TGS2600,0.964582264,"2024-02-26 01:30:25.000000"
TGS2602,0.968155622,"2024-02-26 01:30:25.000000"
TGS2612,0.968224585,"2024-02-26 01:30:26.000000"
MQ9,inf,"2024-02-26 01:30:27.000000"
MQ10,inf,"2024-02-26 01:30:27.000000"
MQ11,inf,"2024-02-26 01:30:28.000000"
TGS2620,0.967906594,"2024-02-26 01:30:28.000000"
TGS2603,0.122310303,"2024-02-26 01:30:29.000000"
TGS2610,0.324909747,"2024-02-26 01:30:29.000000"
TGS2611,0.497695863,"2024-02-26 01:30:29.000000"
MQ12,inf,"2024-02-26 01:30:30.000000"
,inf,"2024-02-26 01:30:32.000000"
MQ5,inf,"2024-02-26 01:30:33.000000"
MQ6,inf,"2024-02-26 01:30:33.000000"
MQ7,inf,"2024-02-26 01:30:34.000000"
MQ8,inf,"2024-02-26 01:30:35.000000"
TGS2600,0.970970213,"2024-02-26 01:30:36.000000"
TGS2602,1.025860310,"2024-02-26 01:30:36.000000"
,inf,"2024-02-26 01:30:42.000000"
MQ5,inf,"2024-02-26 01:30:42.000000"
MQ6,inf,"2024-02-26 01:30:42.000000"
MQ7,inf,"2024-02-26 01:30:43.000000"
MQ8,inf,"2024-02-26 01:30:45.000000"
TGS2600,0.970970213,"2024-02-26 01:30:45.000000"
TGS2602,0.974567235,"2024-02-26 01:30:46.000000"
TGS2612,0.968224585,"2024-02-26 01:30:46.000000"
MQ9,inf,"2024-02-26 01:30:47.000000"
MQ10,inf,"2024-02-26 01:30:47.000000"
MQ11,inf,"2024-02-26 01:30:47.000000"
TGS2620,0.967906594,"2024-02-26 01:30:48.000000"
TGS2603,0.122310303,"2024-02-26 01:30:48.000000"
TGS2610,0.649819493,"2024-02-26 01:30:49.000000"
TGS2611,0.331797242,"2024-02-26 01:30:49.000000"
MQ12,inf,"2024-02-26 01:30:49.000000"
,inf,"2024-02-26 01:30:52.000000"
MQ5,inf,"2024-02-26 01:30:52.000000"
MQ6,inf,"2024-02-26 01:30:53.000000"
MQ7,inf,"2024-02-26 01:30:53.000000"
,inf,"2024-02-26 01:30:58.000000"
MQ5,inf,"2024-02-26 01:30:59.000000"
MQ6,inf,"2024-02-26 01:31:00.000000"
MQ7,inf,"2024-02-26 01:31:00.000000"
MQ8,inf,"2024-02-26 01:31:01.000000"
TGS2600,0.970970213,"2024-02-26 01:31:01.000000"
TGS2602,1.025860310,"2024-02-26 01:31:02.000000"
TGS2612,1.038757563,"2024-02-26 01:31:02.000000"
MQ9,inf,"2024-02-26 01:31:03.000000"
MQ10,inf,"2024-02-26 01:31:03.000000"
MQ11,inf,"2024-02-26 01:31:04.000000"
TGS2620,0.967906594,"2024-02-26 01:31:04.000000"
TGS2603,0.081540205,"2024-02-26 01:31:05.000000"
TGS2610,0.649819493,"2024-02-26 01:31:06.000000"
TGS2611,0.497695863,"2024-02-26 01:31:06.000000"
MQ12,inf,"2024-02-26 01:31:06.000000"
,inf,"2024-02-26 01:31:10.000000"
MQ5,inf,"2024-02-26 01:31:10.000000"
MQ6,inf,"2024-02-26 01:31:11.000000"
MQ7,inf,"2024-02-26 01:31:11.000000"
MQ8,inf,"2024-02-26 01:31:12.000000"
TGS2600,0.977358222,"2024-02-26 01:31:12.000000"
TGS2602,0.980978906,"2024-02-26 01:31:13.000000"
TGS2612,0.981048763,"2024-02-26 01:31:14.000000"
MQ9,inf,"2024-02-26 01:31:16.000000"
MQ10,inf,"2024-02-26 01:31:16.000000"
MQ11,inf,"2024-02-26 01:31:17.000000"
TGS2620,0.986284554,"2024-02-26 01:31:17.000000"
TGS2603,0.122310303,"2024-02-26 01:31:18.000000"
TGS2610,0.487364620,"2024-02-26 01:31:18.000000"
TGS2611,0.331797242,"2024-02-26 01:31:19.000000"
MQ12,inf,"2024-02-26 01:31:19.000000"
,inf,"2024-02-26 01:31:23.000000"
MQ5,inf,"2024-02-26 01:31:23.000000"
MQ6,inf,"2024-02-26 01:31:25.000000"
MQ7,inf,"2024-02-26 01:31:25.000000"
MQ8,inf,"2024-02-26 01:31:26.000000"
TGS2600,0.977358222,"2024-02-26 01:31:27.000000"
TGS2602,0.980978906,"2024-02-26 01:31:27.000000"
TGS2612,1.045169592,"2024-02-26 01:31:29.000000"
MQ9,inf,"2024-02-26 01:31:34.000000"
,inf,"2024-02-26 01:31:35.000000"
MQ5,inf,"2024-02-26 01:31:36.000000"
MQ6,inf,"2024-02-26 01:31:36.000000"
MQ7,inf,"2024-02-26 01:31:37.000000"
MQ8,inf,"2024-02-26 01:31:37.000000"
TGS2600,0.977358222,"2024-02-26 01:31:39.000000"
TGS2602,1.045095205,"2024-02-26 01:31:39.000000"
TGS2612,0.981048763,"2024-02-26 01:31:40.000000"
MQ9,inf,"2024-02-26 01:31:41.000000"
MQ10,inf,"2024-02-26 01:31:41.000000"
MQ11,inf,"2024-02-26 01:31:42.000000"
TGS2620,0.974032581,"2024-02-26 01:31:42.000000"
TGS2603,0.122310303,"2024-02-26 01:31:42.000000"
TGS2610,0.487364620,"2024-02-26 01:31:43.000000"
TGS2611,0.497695863,"2024-02-26 01:31:43.000000"
MQ12,inf,"2024-02-26 01:31:44.000000"
,inf,"2024-02-26 01:31:46.000000"
MQ5,inf,"2024-02-26 01:31:46.000000"
MQ6,inf,"2024-02-26 01:31:47.000000"
MQ7,inf,"2024-02-26 01:31:47.000000"
MQ8,inf,"2024-02-26 01:31:48.000000"
TGS2600,1.028461933,"2024-02-26 01:31:48.000000"
TGS2602,0.974567235,"2024-02-26 01:31:49.000000"
TGS2612,0.974636674,"2024-02-26 01:31:49.000000"
MQ9,inf,"2024-02-26 01:31:50.000000"
MQ10,inf,"2024-02-26 01:31:50.000000"
MQ11,inf,"2024-02-26 01:31:51.000000"
TGS2620,0.974032581,"2024-02-26 01:31:51.000000"
TGS2603,0.081540205,"2024-02-26 01:31:53.000000"
TGS2610,0.324909747,"2024-02-26 01:31:53.000000"
TGS2611,0.497695863,"2024-02-26 01:31:54.000000"
MQ12,inf,"2024-02-26 01:31:54.000000"
,inf,"2024-02-26 01:31:58.000000"
MQ5,inf,"2024-02-26 01:31:59.000000"
MQ6,inf,"2024-02-26 01:31:59.000000"
MQ7,inf,"2024-02-26 01:32:01.000000"
MQ8,inf,"2024-02-26 01:32:02.000000"
TGS2600,0.970970213,"2024-02-26 01:32:02.000000"
TGS2602,0.974567235,"2024-02-26 01:32:03.000000"
TGS2612,0.974636674,"2024-02-26 01:32:03.000000"
MQ9,inf,"2024-02-26 01:32:04.000000"
MQ10,inf,"2024-02-26 01:32:04.000000"
MQ11,inf,"2024-02-26 01:32:05.000000"
TGS2620,0.967906594,"2024-02-26 01:32:05.000000"
TGS2603,0.081540205,"2024-02-26 01:32:06.000000"
TGS2610,0.487364620,"2024-02-26 01:32:06.000000"
TGS2611,0.497695863,"2024-02-26 01:32:06.000000"
MQ12,inf,"2024-02-26 01:32:07.000000"
,inf,"2024-02-26 01:32:09.000000"
MQ5,inf,"2024-02-26 01:32:10.000000"
MQ6,inf,"2024-02-26 01:32:10.000000"
MQ7,inf,"2024-02-26 01:32:11.000000"
MQ8,inf,"2024-02-26 01:32:11.000000"
TGS2600,0.964582264,"2024-02-26 01:32:12.000000"
TGS2602,0.968155622,"2024-02-26 01:32:12.000000"
TGS2612,0.968224585,"2024-02-26 01:32:13.000000"
MQ9,inf,"2024-02-26 01:32:13.000000"
MQ10,inf,"2024-02-26 01:32:13.000000"
MQ11,inf,"2024-02-26 01:32:14.000000"
TGS2620,0.967906594,"2024-02-26 01:32:14.000000"
TGS2603,0.081540205,"2024-02-26 01:32:14.000000"
TGS2610,0.487364620,"2024-02-26 01:32:15.000000"
TGS2611,0.331797242,"2024-02-26 01:32:15.000000"
MQ12,inf,"2024-02-26 01:32:16.000000"
,inf,"2024-02-26 01:32:19.000000"
MQ5,inf,"2024-02-26 01:32:19.000000"
MQ6,inf,"2024-02-26 01:32:20.000000"
MQ7,inf,"2024-02-26 01:32:20.000000"
MQ8,inf,"2024-02-26 01:32:21.000000"
TGS2600,0.970970213,"2024-02-26 01:32:21.000000"
TGS2602,1.038683534,"2024-02-26 01:32:22.000000"
TGS2612,1.038757563,"2024-02-26 01:32:22.000000"
MQ9,inf,"2024-02-26 01:32:23.000000"
MQ10,inf,"2024-02-26 01:32:24.000000"
MQ11,inf,"2024-02-26 01:32:24.000000"
TGS2620,0.967906594,"2024-02-26 01:32:24.000000"
TGS2603,0.040770102,"2024-02-26 01:32:25.000000"
TGS2610,0.487364620,"2024-02-26 01:32:25.000000"
TGS2611,0.497695863,"2024-02-26 01:32:26.000000"
MQ12,inf,"2024-02-26 01:32:28.000000"
,inf,"2024-02-26 01:32:30.000000"
MQ5,inf,"2024-02-26 01:32:31.000000"
MQ6,inf,"2024-02-26 01:32:32.000000"
MQ7,inf,"2024-02-26 01:32:32.000000"
MQ8,inf,"2024-02-26 01:32:33.000000"
TGS2600,0.970970213,"2024-02-26 01:32:33.000000"
TGS2602,1.032271862,"2024-02-26 01:32:34.000000"
TGS2612,1.038757563,"2024-02-26 01:32:34.000000"
MQ9,inf,"2024-02-26 01:32:37.000000"
MQ10,inf,"2024-02-26 01:32:37.000000"
MQ11,inf,"2024-02-26 01:32:38.000000"
TGS2620,0.967906594,"2024-02-26 01:32:38.000000"
TGS2603,0.081540205,"2024-02-26 01:32:40.000000"
TGS2610,0.487364620,"2024-02-26 01:32:41.000000"
TGS2611,0.331797242,"2024-02-26 01:32:43.000000"
MQ12,inf,"2024-02-26 01:32:44.000000"
,inf,"2024-02-26 01:32:46.000000"
MQ5,inf,"2024-02-26 01:32:47.000000"
MQ6,inf,"2024-02-26 01:32:47.000000"
MQ7,inf,"2024-02-26 01:32:48.000000"
MQ8,inf,"2024-02-26 01:32:50.000000"
TGS2600,0.970970213,"2024-02-26 01:32:50.000000"
TGS2602,0.974567235,"2024-02-26 01:32:52.000000"
TGS2612,0.981048763,"2024-02-26 01:32:53.000000"
MQ9,inf,"2024-02-26 01:32:53.000000"
MQ10,inf,"2024-02-26 01:32:54.000000"
MQ11,inf,"2024-02-26 01:32:55.000000"
TGS2620,0.974032581,"2024-02-26 01:32:55.000000"
TGS2603,0.081540205,"2024-02-26 01:32:56.000000"
TGS2610,0.487364620,"2024-02-26 01:32:56.000000"
TGS2611,0.331797242,"2024-02-26 01:32:57.000000"
MQ12,inf,"2024-02-26 01:32:57.000000"
,inf,"2024-02-26 01:33:00.000000"
MQ5,inf,"2024-02-26 01:33:00.000000"
MQ6,inf,"2024-02-26 01:33:00.000000"
MQ7,inf,"2024-02-26 01:33:02.000000"
MQ8,inf,"2024-02-26 01:33:03.000000"
TGS2600,0.970970213,"2024-02-26 01:33:03.000000"
TGS2602,0.974567235,"2024-02-26 01:33:04.000000"
TGS2612,1.038757563,"2024-02-26 01:33:04.000000"
MQ9,inf,"2024-02-26 01:33:05.000000"
MQ10,inf,"2024-02-26 01:33:05.000000"
MQ11,inf,"2024-02-26 01:33:05.000000"
TGS2620,0.974032581,"2024-02-26 01:33:07.000000"
TGS2603,0.081540205,"2024-02-26 01:33:08.000000"
TGS2610,1.462093830,"2024-02-26 01:33:08.000000"
TGS2611,0.331797242,"2024-02-26 01:33:08.000000"
MQ12,inf,"2024-02-26 01:33:09.000000"
,inf,"2024-02-26 01:33:11.000000"
MQ5,inf,"2024-02-26 01:33:11.000000"
MQ6,inf,"2024-02-26 01:33:12.000000"
MQ7,inf,"2024-02-26 01:33:12.000000"
MQ8,inf,"2024-02-26 01:33:12.000000"
TGS2600,0.970970213,"2024-02-26 01:33:13.000000"
TGS2602,0.974567235,"2024-02-26 01:33:13.000000"
TGS2612,0.974636674,"2024-02-26 01:33:14.000000"
MQ9,inf,"2024-02-26 01:33:15.000000"
MQ10,inf,"2024-02-26 01:33:15.000000"
MQ11,inf,"2024-02-26 01:33:16.000000"
TGS2620,0.980158567,"2024-02-26 01:33:17.000000"
TGS2603,0.122310303,"2024-02-26 01:33:18.000000"
TGS2610,0.487364620,"2024-02-26 01:33:19.000000"
TGS2611,0.331797242,"2024-02-26 01:33:19.000000"
MQ12,inf,"2024-02-26 01:33:20.000000"
,inf,"2024-02-26 01:33:22.000000"
MQ5,inf,"2024-02-26 01:33:23.000000"
MQ6,inf,"2024-02-26 01:33:24.000000"
MQ7,inf,"2024-02-26 01:33:24.000000"
MQ8,inf,"2024-02-26 01:33:25.000000"
TGS2600,0.970970213,"2024-02-26 01:33:25.000000"
TGS2602,0.974567235,"2024-02-26 01:33:25.000000"
TGS2612,0.974636674,"2024-02-26 01:33:26.000000"
MQ9,inf,"2024-02-26 01:33:26.000000"
MQ10,inf,"2024-02-26 01:33:27.000000"
MQ11,inf,"2024-02-26 01:33:27.000000"
TGS2620,0.967906594,"2024-02-26 01:33:28.000000"
TGS2603,0.163080409,"2024-02-26 01:33:29.000000"
TGS2610,0.162454873,"2024-02-26 01:33:29.000000"
TGS2611,0.497695863,"2024-02-26 01:33:29.000000"
MQ12,inf,"2024-02-26 01:33:30.000000"
,inf,"2024-02-26 01:33:32.000000"
MQ5,inf,"2024-02-26 01:33:33.000000"
MQ6,inf,"2024-02-26 01:33:33.000000"
MQ7,inf,"2024-02-26 01:33:34.000000"
MQ8,inf,"2024-02-26 01:33:34.000000"
TGS2600,0.970970213,"2024-02-26 01:33:35.000000"
TGS2602,0.974567235,"2024-02-26 01:33:36.000000"
TGS2612,0.974636674,"2024-02-26 01:33:37.000000"
MQ9,inf,"2024-02-26 01:33:38.000000"
MQ10,inf,"2024-02-26 01:33:39.000000"
MQ11,inf,"2024-02-26 01:33:39.000000"
TGS2620,0.967906594,"2024-02-26 01:33:39.000000"
TGS2603,0.122310303,"2024-02-26 01:33:40.000000"
TGS2610,1.624548674,"2024-02-26 01:33:40.000000"
TGS2611,0.497695863,"2024-02-26 01:33:41.000000"
MQ12,inf,"2024-02-26 01:33:42.000000"
,inf,"2024-02-26 01:33:47.000000"
MQ5,inf,"2024-02-26 01:33:47.000000"
MQ6,inf,"2024-02-26 01:33:48.000000"
MQ7,inf,"2024-02-26 01:33:48.000000"
MQ8,inf,"2024-02-26 01:33:49.000000"
TGS2600,0.970970213,"2024-02-26 01:33:49.000000"
TGS2602,0.974567235,"2024-02-26 01:33:50.000000"
TGS2612,0.974636674,"2024-02-26 01:33:50.000000"
MQ9,inf,"2024-02-26 01:33:52.000000"
MQ10,inf,"2024-02-26 01:33:52.000000"
MQ11,inf,"2024-02-26 01:33:53.000000"
TGS2620,0.974032581,"2024-02-26 01:33:54.000000"
TGS2603,0.203850508,"2024-02-26 01:33:54.000000"
TGS2610,0.487364620,"2024-02-26 01:33:55.000000"
TGS2611,0.331797242,"2024-02-26 01:33:58.000000"
MQ12,inf,"2024-02-26 01:33:59.000000"
,inf,"2024-02-26 01:34:01.000000"
MQ5,inf,"2024-02-26 01:34:02.000000"
MQ6,inf,"2024-02-26 01:34:02.000000"
MQ7,inf,"2024-02-26 01:34:03.000000"
MQ8,inf,"2024-02-26 01:34:03.000000"
TGS2600,0.970970213,"2024-02-26 01:34:03.000000"
TGS2602,0.980978906,"2024-02-26 01:34:04.000000"
TGS2612,0.974636674,"2024-02-26 01:34:04.000000"
MQ9,inf,"2024-02-26 01:34:05.000000"
MQ10,inf,"2024-02-26 01:34:05.000000"
MQ11,inf,"2024-02-26 01:34:06.000000"
TGS2620,0.974032581,"2024-02-26 01:34:06.000000"
TGS2603,0.163080409,"2024-02-26 01:34:07.000000"
TGS2610,0.162454873,"2024-02-26 01:34:07.000000"
TGS2611,0.497695863,"2024-02-26 01:34:07.000000"
MQ12,inf,"2024-02-26 01:34:08.000000"
,inf,"2024-02-26 01:34:10.000000"
MQ5,inf,"2024-02-26 01:34:10.000000"
MQ6,inf,"2024-02-26 01:34:11.000000"
MQ7,inf,"2024-02-26 01:34:11.000000"
MQ8,inf,"2024-02-26 01:34:11.000000"
TGS2600,0.970970213,"2024-02-26 01:34:12.000000"
TGS2602,0.974567235,"2024-02-26 01:34:13.000000"
TGS2612,0.981048763,"2024-02-26 01:34:13.000000"
MQ9,inf,"2024-02-26 01:34:14.000000"
MQ10,inf,"2024-02-26 01:34:14.000000"
MQ11,inf,"2024-02-26 01:34:16.000000"
TGS2620,0.980158567,"2024-02-26 01:34:17.000000"
TGS2603,0.122310303,"2024-02-26 01:34:18.000000"
TGS2610,0.487364620,"2024-02-26 01:34:20.000000"
TGS2611,0.829493105,"2024-02-26 01:34:20.000000"
MQ12,inf,"2024-02-26 01:34:22.000000"
,inf,"2024-02-26 01:34:25.000000"
MQ5,inf,"2024-02-26 01:34:25.000000"
MQ6,inf,"2024-02-26 01:34:27.000000"
MQ7,inf,"2024-02-26 01:34:27.000000"
MQ8,inf,"2024-02-26 01:34:28.000000"
TGS2600,0.977358222,"2024-02-26 01:34:28.000000"
TGS2602,0.980978906,"2024-02-26 01:34:29.000000"
TGS2612,0.981048763,"2024-02-26 01:34:32.000000"
MQ9,inf,"2024-02-26 01:34:33.000000"
MQ10,inf,"2024-02-26 01:34:33.000000"
MQ11,inf,"2024-02-26 01:34:34.000000"
TGS2620,1.035292506,"2024-02-26 01:34:35.000000"
TGS2603,0.122310303,"2024-02-26 01:34:35.000000"
TGS2610,0.324909747,"2024-02-26 01:34:36.000000"
TGS2611,0.497695863,"2024-02-26 01:34:37.000000"
MQ12,inf,"2024-02-26 01:34:39.000000"
,inf,"2024-02-26 01:34:41.000000"
MQ5,inf,"2024-02-26 01:34:41.000000"
MQ6,inf,"2024-02-26 01:34:42.000000"
MQ7,inf,"2024-02-26 01:34:42.000000"
,inf,"2024-02-26 01:34:47.000000"
MQ5,inf,"2024-02-26 01:34:48.000000"
MQ6,inf,"2024-02-26 01:34:48.000000"
MQ7,inf,"2024-02-26 01:34:51.000000"
MQ8,inf,"2024-02-26 01:34:51.000000"
TGS2600,0.977358222,"2024-02-26 01:34:52.000000"
TGS2602,0.987390518,"2024-02-26 01:34:52.000000"
TGS2612,0.981048763,"2024-02-26 01:34:54.000000"
MQ9,inf,"2024-02-26 01:34:55.000000"
MQ10,inf,"2024-02-26 01:34:55.000000"
MQ11,inf,"2024-02-26 01:34:55.000000"
TGS2620,0.986284554,"2024-02-26 01:34:56.000000"
TGS2603,0.122310303,"2024-02-26 01:34:57.000000"
TGS2610,0.487364620,"2024-02-26 01:34:58.000000"
TGS2611,0.165898621,"2024-02-26 01:34:58.000000"
MQ12,inf,"2024-02-26 01:35:00.000000"
,inf,"2024-02-26 01:35:03.000000"
MQ5,inf,"2024-02-26 01:35:03.000000"
MQ6,inf,"2024-02-26 01:35:04.000000"
MQ7,inf,"2024-02-26 01:35:04.000000"
MQ8,inf,"2024-02-26 01:35:04.000000"
TGS2600,0.983746171,"2024-02-26 01:35:05.000000"
TGS2602,0.980978906,"2024-02-26 01:35:05.000000"
TGS2612,0.981048763,"2024-02-26 01:35:06.000000"
MQ9,inf,"2024-02-26 01:35:06.000000"
MQ10,inf,"2024-02-26 01:35:07.000000"
MQ11,inf,"2024-02-26 01:35:08.000000"
TGS2620,1.016914487,"2024-02-26 01:35:09.000000"
TGS2603,0.366930902,"2024-02-26 01:35:09.000000"
TGS2610,0.487364620,"2024-02-26 01:35:10.000000"
TGS2611,0.331797242,"2024-02-26 01:35:10.000000"
MQ12,inf,"2024-02-26 01:35:11.000000"
,inf,"2024-02-26 01:35:13.000000"
MQ5,inf,"2024-02-26 01:35:13.000000"
MQ6,inf,"2024-02-26 01:35:14.000000"
MQ7,inf,"2024-02-26 01:35:16.000000"
MQ8,inf,"2024-02-26 01:35:16.000000"
TGS2600,1.405351639,"2024-02-26 01:35:18.000000"
TGS2602,1.404146194,"2024-02-26 01:35:19.000000"
TGS2612,1.385010004,"2024-02-26 01:35:20.000000"
MQ9,inf,"2024-02-26 01:35:20.000000"
MQ10,inf,"2024-02-26 01:35:21.000000"
MQ11,inf,"2024-02-26 01:35:23.000000"
TGS2620,1.212946296,"2024-02-26 01:35:23.000000"
TGS2603,0.122310303,"2024-02-26 01:35:24.000000"
TGS2610,0.487364620,"2024-02-26 01:35:24.000000"
TGS2611,0.331797242,"2024-02-26 01:35:25.000000"
MQ12,inf,"2024-02-26 01:35:26.000000"
,inf,"2024-02-26 01:35:30.000000"
MQ5,inf,"2024-02-26 01:35:30.000000"
,inf,"2024-02-26 01:35:35.000000"
MQ5,inf,"2024-02-26 01:35:36.000000"
MQ6,inf,"2024-02-26 01:35:37.000000"
MQ7,inf,"2024-02-26 01:35:37.000000"
MQ8,inf,"2024-02-26 01:35:38.000000"
TGS2600,1.188160896,"2024-02-26 01:35:38.000000"
TGS2602,1.192562580,"2024-02-26 01:35:39.000000"
TGS2612,1.186235428,"2024-02-26 01:35:39.000000"
MQ9,inf,"2024-02-26 01:35:40.000000"
MQ10,inf,"2024-02-26 01:35:40.000000"
MQ11,inf,"2024-02-26 01:35:41.000000"
TGS2620,1.090426445,"2024-02-26 01:35:41.000000"
TGS2603,0.081540205,"2024-02-26 01:35:42.000000"
TGS2610,0.324909747,"2024-02-26 01:35:43.000000"
TGS2611,0.497695863,"2024-02-26 01:35:44.000000"
MQ12,inf,"2024-02-26 01:35:45.000000"
,inf,"2024-02-26 01:35:47.000000"
MQ5,inf,"2024-02-26 01:35:47.000000"
MQ6,inf,"2024-02-26 01:35:47.000000"
MQ7,inf,"2024-02-26 01:35:49.000000"
MQ8,inf,"2024-02-26 01:35:49.000000"
TGS2600,1.105117440,"2024-02-26 01:35:50.000000"
TGS2602,1.109211445,"2024-02-26 01:35:50.000000"
TGS2612,1.109290481,"2024-02-26 01:35:50.000000"
MQ9,inf,"2024-02-26 01:35:51.000000"
MQ10,inf,"2024-02-26 01:35:51.000000"
MQ11,inf,"2024-02-26 01:35:52.000000"
TGS2620,1.047544479,"2024-02-26 01:35:52.000000"
TGS2603,0.081540205,"2024-02-26 01:35:53.000000"
TGS2610,0.487364620,"2024-02-26 01:35:53.000000"
TGS2611,0.331797242,"2024-02-26 01:35:53.000000"
MQ12,inf,"2024-02-26 01:35:54.000000"
,inf,"2024-02-26 01:35:56.000000"
MQ5,inf,"2024-02-26 01:35:57.000000"
MQ6,inf,"2024-02-26 01:35:57.000000"
MQ7,inf,"2024-02-26 01:35:57.000000"
MQ8,inf,"2024-02-26 01:35:58.000000"
TGS2600,1.073177576,"2024-02-26 01:35:58.000000"
TGS2602,1.077153325,"2024-02-26 01:35:59.000000"
TGS2612,1.077229977,"2024-02-26 01:35:59.000000"
MQ9,inf,"2024-02-26 01:36:00.000000"
MQ10,inf,"2024-02-26 01:36:00.000000"
MQ11,inf,"2024-02-26 01:36:01.000000"
TGS2620,1.016914487,"2024-02-26 01:36:01.000000"
TGS2603,0.122310303,"2024-02-26 01:36:02.000000"
TGS2610,0.487364620,"2024-02-26 01:36:02.000000"
TGS2611,0.331797242,"2024-02-26 01:36:02.000000"
MQ12,inf,"2024-02-26 01:36:03.000000"
,inf,"2024-02-26 01:36:05.000000"
MQ5,inf,"2024-02-26 01:36:06.000000"
MQ6,inf,"2024-02-26 01:36:06.000000"
MQ7,inf,"2024-02-26 01:36:06.000000"
MQ8,inf,"2024-02-26 01:36:07.000000"
TGS2600,1.034849882,"2024-02-26 01:36:07.000000"
TGS2602,1.038683534,"2024-02-26 01:36:07.000000"
TGS2612,1.038757563,"2024-02-26 01:36:08.000000"
MQ9,inf,"2024-02-26 01:36:08.000000"
MQ10,inf,"2024-02-26 01:36:09.000000"
MQ11,inf,"2024-02-26 01:36:09.000000"
TGS2620,0.998536527,"2024-02-26 01:36:09.000000"
TGS2603,0.040770102,"2024-02-26 01:36:10.000000"
TGS2610,0.487364620,"2024-02-26 01:36:10.000000"
TGS2611,0.331797242,"2024-02-26 01:36:10.000000"
MQ12,inf,"2024-02-26 01:36:11.000000"
,inf,"2024-02-26 01:36:13.000000"
MQ5,inf,"2024-02-26 01:36:14.000000"
MQ6,inf,"2024-02-26 01:36:14.000000"
MQ7,inf,"2024-02-26 01:36:14.000000"
MQ8,inf,"2024-02-26 01:36:15.000000"
TGS2600,1.022073984,"2024-02-26 01:36:15.000000"
TGS2602,1.019448638,"2024-02-26 01:36:16.000000"
TGS2612,1.025933385,"2024-02-26 01:36:16.000000"
MQ9,inf,"2024-02-26 01:36:16.000000"
MQ10,inf,"2024-02-26 01:36:17.000000"
MQ11,inf,"2024-02-26 01:36:17.000000"
TGS2620,0.992410541,"2024-02-26 01:36:17.000000"
TGS2603,0.040770102,"2024-02-26 01:36:17.000000"
TGS2610,0.649819493,"2024-02-26 01:36:18.000000"
TGS2611,0.497695863,"2024-02-26 01:36:18.000000"
MQ12,inf,"2024-02-26 01:36:19.000000"
,inf,"2024-02-26 01:36:21.000000"
MQ5,inf,"2024-02-26 01:36:21.000000"
MQ6,inf,"2024-02-26 01:36:22.000000"
MQ7,inf,"2024-02-26 01:36:23.000000"
MQ8,inf,"2024-02-26 01:36:24.000000"
TGS2600,1.009297967,"2024-02-26 01:36:25.000000"
TGS2602,1.064329982,"2024-02-26 01:36:26.000000"
TGS2612,1.013109207,"2024-02-26 01:36:27.000000"
MQ9,inf,"2024-02-26 01:36:28.000000"
MQ10,inf,"2024-02-26 01:36:28.000000"
MQ11,inf,"2024-02-26 01:36:29.000000"
TGS2620,0.986284554,"2024-02-26 01:36:30.000000"
TGS2603,0.122310303,"2024-02-26 01:36:30.000000"
TGS2610,0.324909747,"2024-02-26 01:36:31.000000"
TGS2611,2.156682014,"2024-02-26 01:36:31.000000"
MQ12,inf,"2024-02-26 01:36:32.000000"
,inf,"2024-02-26 01:36:34.000000"
MQ5,inf,"2024-02-26 01:36:35.000000"
MQ6,inf,"2024-02-26 01:36:35.000000"
MQ7,inf,"2024-02-26 01:36:38.000000"
MQ8,inf,"2024-02-26 01:36:38.000000"
TGS2600,1.054013729,"2024-02-26 01:36:41.000000"
TGS2602,1.000213742,"2024-02-26 01:36:41.000000"
TGS2612,1.051581621,"2024-02-26 01:36:44.000000"
MQ9,inf,"2024-02-26 01:36:44.000000"
MQ10,inf,"2024-02-26 01:36:46.000000"
MQ11,inf,"2024-02-26 01:36:46.000000"
TGS2620,0.986284554,"2024-02-26 01:36:48.000000"
TGS2603,0.407701015,"2024-02-26 01:36:48.000000"
TGS2610,1.137184143,"2024-02-26 01:36:49.000000"
TGS2611,0.497695863,"2024-02-26 01:36:51.000000"
MQ12,inf,"2024-02-26 01:36:51.000000"
,inf,"2024-02-26 01:36:53.000000"
MQ5,inf,"2024-02-26 01:36:54.000000"
MQ6,inf,"2024-02-26 01:36:54.000000"
MQ7,inf,"2024-02-26 01:36:55.000000"
MQ8,inf,"2024-02-26 01:36:55.000000"
TGS2600,0.983746171,"2024-02-26 01:36:56.000000"
TGS2602,0.987390518,"2024-02-26 01:36:57.000000"
TGS2612,1.051581621,"2024-02-26 01:36:57.000000"
MQ9,inf,"2024-02-26 01:36:58.000000"
MQ10,inf,"2024-02-26 01:36:58.000000"
MQ11,inf,"2024-02-26 01:37:00.000000"
TGS2620,0.986284554,"2024-02-26 01:37:04.000000"
,inf,"2024-02-26 01:37:06.000000"
,inf,"2024-02-26 01:37:12.000000"
MQ5,inf,"2024-02-26 01:37:12.000000"
MQ5,inf,"2024-02-26 01:37:12.000000"
MQ6,inf,"2024-02-26 01:37:13.000000"
MQ7,inf,"2024-02-26 01:37:15.000000"
MQ8,inf,"2024-02-26 01:37:16.000000"
TGS2600,0.977358222,"2024-02-26 01:37:16.000000"
TGS2602,0.980978906,"2024-02-26 01:37:17.000000"
TGS2612,0.981048763,"2024-02-26 01:37:18.000000"
MQ9,inf,"2024-02-26 01:37:19.000000"
MQ10,inf,"2024-02-26 01:37:19.000000"
MQ11,inf,"2024-02-26 01:37:19.000000"
TGS2620,0.980158567,"2024-02-26 01:37:20.000000"
TGS2603,0.122310303,"2024-02-26 01:37:20.000000"
TGS2610,0.324909747,"2024-02-26 01:37:21.000000"
TGS2611,0.497695863,"2024-02-26 01:37:22.000000"
MQ12,inf,"2024-02-26 01:37:24.000000"
,inf,"2024-02-26 01:37:26.000000"
MQ5,inf,"2024-02-26 01:37:26.000000"
MQ6,inf,"2024-02-26 01:37:28.000000"
MQ7,inf,"2024-02-26 01:37:28.000000"
MQ8,inf,"2024-02-26 01:37:30.000000"
TGS2600,0.977358222,"2024-02-26 01:37:30.000000"
TGS2602,0.980978906,"2024-02-26 01:37:31.000000"
TGS2612,0.981048763,"2024-02-26 01:37:31.000000"
MQ9,inf,"2024-02-26 01:37:32.000000"
MQ10,inf,"2024-02-26 01:37:32.000000"
MQ11,inf,"2024-02-26 01:37:32.000000"
TGS2620,0.980158567,"2024-02-26 01:37:33.000000"
TGS2603,0.163080409,"2024-02-26 01:37:33.000000"
TGS2610,0.324909747,"2024-02-26 01:37:34.000000"
TGS2611,0.497695863,"2024-02-26 01:37:35.000000"
MQ12,inf,"2024-02-26 01:37:35.000000"
,inf,"2024-02-26 01:37:37.000000"
MQ5,inf,"2024-02-26 01:37:38.000000"
MQ6,inf,"2024-02-26 01:37:38.000000"
MQ7,inf,"2024-02-26 01:37:38.000000"
MQ8,inf,"2024-02-26 01:37:41.000000"
TGS2600,0.977358222,"2024-02-26 01:37:41.000000"
TGS2602,0.980978906,"2024-02-26 01:37:41.000000"
TGS2612,1.045169592,"2024-02-26 01:37:42.000000"
MQ9,inf,"2024-02-26 01:37:44.000000"
MQ10,inf,"2024-02-26 01:37:44.000000"
MQ11,inf,"2024-02-26 01:37:45.000000"
TGS2620,0.980158567,"2024-02-26 01:37:47.000000"
TGS2603,0.040770102,"2024-02-26 01:37:47.000000"
TGS2610,0.487364620,"2024-02-26 01:37:48.000000"
TGS2611,0.331797242,"2024-02-26 01:37:48.000000"
MQ12,inf,"2024-02-26 01:37:49.000000"
,inf,"2024-02-26 01:37:52.000000"
MQ5,inf,"2024-02-26 01:37:52.000000"
MQ6,inf,"2024-02-26 01:37:55.000000"
MQ7,inf,"2024-02-26 01:37:57.000000"
MQ8,inf,"2024-02-26 01:37:57.000000"
TGS2600,0.970970213,"2024-02-26 01:37:59.000000"
TGS2602,0.974567235,"2024-02-26 01:37:59.000000"
TGS2612,0.974636674,"2024-02-26 01:38:00.000000"
MQ9,inf,"2024-02-26 01:38:00.000000"
MQ10,inf,"2024-02-26 01:38:00.000000"
MQ11,inf,"2024-02-26 01:38:01.000000"
TGS2620,0.980158567,"2024-02-26 01:38:03.000000"
TGS2603,0.122310303,"2024-02-26 01:38:03.000000"
TGS2610,0.324909747,"2024-02-26 01:38:04.000000"
TGS2611,0.497695863,"2024-02-26 01:38:04.000000"
MQ12,inf,"2024-02-26 01:38:05.000000"
,inf,"2024-02-26 01:38:07.000000"
MQ5,inf,"2024-02-26 01:38:07.000000"
MQ6,inf,"2024-02-26 01:38:08.000000"
MQ7,inf,"2024-02-26 01:38:08.000000"
MQ8,inf,"2024-02-26 01:38:08.000000"
TGS2600,0.970970213,"2024-02-26 01:38:09.000000"
TGS2602,0.974567235,"2024-02-26 01:38:09.000000"
TGS2612,0.974636674,"2024-02-26 01:38:10.000000"
MQ9,inf,"2024-02-26 01:38:11.000000"
MQ10,inf,"2024-02-26 01:38:11.000000"
MQ11,inf,"2024-02-26 01:38:12.000000"
TGS2620,0.980158567,"2024-02-26 01:38:12.000000"
TGS2603,0.122310303,"2024-02-26 01:38:13.000000"
TGS2610,0.324909747,"2024-02-26 01:38:13.000000"
TGS2611,0.497695863,"2024-02-26 01:38:13.000000"
MQ12,inf,"2024-02-26 01:38:14.000000"
,inf,"2024-02-26 01:38:16.000000"
MQ5,inf,"2024-02-26 01:38:17.000000"
MQ6,inf,"2024-02-26 01:38:17.000000"
MQ7,inf,"2024-02-26 01:38:18.000000"
MQ8,inf,"2024-02-26 01:38:18.000000"
TGS2600,0.970970213,"2024-02-26 01:38:19.000000"
TGS2602,0.980978906,"2024-02-26 01:38:19.000000"
TGS2612,0.974636674,"2024-02-26 01:38:20.000000"
MQ9,inf,"2024-02-26 01:38:20.000000"
MQ10,inf,"2024-02-26 01:38:20.000000"
MQ11,inf,"2024-02-26 01:38:21.000000"
TGS2620,0.980158567,"2024-02-26 01:38:21.000000"
TGS2603,0.040770102,"2024-02-26 01:38:21.000000"
TGS2610,0.487364620,"2024-02-26 01:38:22.000000"
TGS2611,0.331797242,"2024-02-26 01:38:22.000000"
MQ12,inf,"2024-02-26 01:38:23.000000"
,inf,"2024-02-26 01:38:25.000000"
MQ5,inf,"2024-02-26 01:38:25.000000"
MQ6,inf,"2024-02-26 01:38:26.000000"
MQ7,inf,"2024-02-26 01:38:26.000000"
MQ8,inf,"2024-02-26 01:38:27.000000"
TGS2600,0.977358222,"2024-02-26 01:38:27.000000"
TGS2602,1.045095205,"2024-02-26 01:38:27.000000"
TGS2612,0.981048763,"2024-02-26 01:38:29.000000"
MQ9,inf,"2024-02-26 01:38:29.000000"
MQ10,inf,"2024-02-26 01:38:30.000000"
MQ11,inf,"2024-02-26 01:38:31.000000"
TGS2620,0.980158567,"2024-02-26 01:38:32.000000"
TGS2603,0.122310303,"2024-02-26 01:38:33.000000"
TGS2610,0.324909747,"2024-02-26 01:38:33.000000"
TGS2611,0.165898621,"2024-02-26 01:38:33.000000"
MQ12,inf,"2024-02-26 01:38:33.000000"
,inf,"2024-02-26 01:38:36.000000"
MQ5,inf,"2024-02-26 01:38:36.000000"
MQ6,inf,"2024-02-26 01:38:37.000000"
MQ7,inf,"2024-02-26 01:38:37.000000"
MQ8,inf,"2024-02-26 01:38:38.000000"
TGS2600,0.977358222,"2024-02-26 01:38:38.000000"
TGS2602,0.980978906,"2024-02-26 01:38:38.000000"
TGS2612,0.981048763,"2024-02-26 01:38:39.000000"
MQ9,inf,"2024-02-26 01:38:39.000000"
MQ10,inf,"2024-02-26 01:38:39.000000"
MQ11,inf,"2024-02-26 01:38:40.000000"
TGS2620,0.980158567,"2024-02-26 01:38:40.000000"
TGS2603,0.122310303,"2024-02-26 01:38:41.000000"
TGS2610,0.649819493,"2024-02-26 01:38:41.000000"
TGS2611,0.165898621,"2024-02-26 01:38:41.000000"
MQ12,inf,"2024-02-26 01:38:42.000000"
,inf,"2024-02-26 01:38:44.000000"
MQ5,inf,"2024-02-26 01:38:45.000000"
MQ6,inf,"2024-02-26 01:38:45.000000"
MQ7,inf,"2024-02-26 01:38:46.000000"
MQ8,inf,"2024-02-26 01:38:47.000000"
TGS2600,1.034849882,"2024-02-26 01:38:48.000000"
TGS2602,0.987390518,"2024-02-26 01:38:48.000000"
TGS2612,0.987460852,"2024-02-26 01:38:49.000000"
MQ9,inf,"2024-02-26 01:38:49.000000"
MQ10,inf,"2024-02-26 01:38:52.000000"
MQ11,inf,"2024-02-26 01:38:53.000000"
TGS2620,1.035292506,"2024-02-26 01:38:53.000000"
TGS2603,0.081540205,"2024-02-26 01:38:54.000000"
,inf,"2024-02-26 01:38:59.000000"
MQ5,inf,"2024-02-26 01:38:59.000000"
MQ6,inf,"2024-02-26 01:39:00.000000"
MQ7,inf,"2024-02-26 01:39:00.000000"
MQ8,inf,"2024-02-26 01:39:02.000000"
TGS2600,0.996522069,"2024-02-26 01:39:03.000000"
TGS2602,1.051506758,"2024-02-26 01:39:03.000000"
TGS2612,1.000285029,"2024-02-26 01:39:04.000000"
MQ9,inf,"2024-02-26 01:39:04.000000"
MQ10,inf,"2024-02-26 01:39:05.000000"
MQ11,inf,"2024-02-26 01:39:05.000000"
TGS2620,0.980158567,"2024-02-26 01:39:06.000000"
TGS2603,0.081540205,"2024-02-26 01:39:06.000000"
TGS2610,0.487364620,"2024-02-26 01:39:07.000000"
TGS2611,0.331797242,"2024-02-26 01:39:07.000000"
MQ12,inf,"2024-02-26 01:39:08.000000"
,inf,"2024-02-26 01:39:10.000000"
MQ5,inf,"2024-02-26 01:39:11.000000"
MQ6,inf,"2024-02-26 01:39:11.000000"
MQ7,inf,"2024-02-26 01:39:12.000000"
MQ8,inf,"2024-02-26 01:39:12.000000"
TGS2600,0.977358222,"2024-02-26 01:39:13.000000"
TGS2602,0.987390518,"2024-02-26 01:39:13.000000"
TGS2612,0.987460852,"2024-02-26 01:39:14.000000"
MQ9,inf,"2024-02-26 01:39:14.000000"
MQ10,inf,"2024-02-26 01:39:15.000000"
MQ11,inf,"2024-02-26 01:39:15.000000"
TGS2620,0.980158567,"2024-02-26 01:39:15.000000"
TGS2603,0.081540205,"2024-02-26 01:39:16.000000"
TGS2610,0.324909747,"2024-02-26 01:39:16.000000"
TGS2611,0.165898621,"2024-02-26 01:39:17.000000"
MQ12,inf,"2024-02-26 01:39:17.000000"
,inf,"2024-02-26 01:39:20.000000"
MQ5,inf,"2024-02-26 01:39:20.000000"
MQ6,inf,"2024-02-26 01:39:21.000000"
MQ7,inf,"2024-02-26 01:39:21.000000"
MQ8,inf,"2024-02-26 01:39:22.000000"
TGS2600,0.983746171,"2024-02-26 01:39:22.000000"
TGS2602,0.980978906,"2024-02-26 01:39:23.000000"
TGS2612,0.981048763,"2024-02-26 01:39:24.000000"
MQ9,inf,"2024-02-26 01:39:24.000000"
MQ10,inf,"2024-02-26 01:39:25.000000"
MQ11,inf,"2024-02-26 01:39:26.000000"
TGS2620,0.980158567,"2024-02-26 01:39:27.000000"
TGS2603,0.040770102,"2024-02-26 01:39:27.000000"
TGS2610,0.162454873,"2024-02-26 01:39:29.000000"
TGS2611,0.497695863,"2024-02-26 01:39:29.000000"
MQ12,inf,"2024-02-26 01:39:30.000000"
,inf,"2024-02-26 01:39:32.000000"
MQ5,inf,"2024-02-26 01:39:33.000000"
MQ6,inf,"2024-02-26 01:39:34.000000"
MQ7,inf,"2024-02-26 01:39:35.000000"
MQ8,inf,"2024-02-26 01:39:35.000000"
TGS2600,0.977358222,"2024-02-26 01:39:36.000000"
TGS2602,0.980978906,"2024-02-26 01:39:36.000000"
TGS2612,1.038757563,"2024-02-26 01:39:36.000000"
MQ9,inf,"2024-02-26 01:39:37.000000"
MQ10,inf,"2024-02-26 01:39:37.000000"
MQ11,inf,"2024-02-26 01:39:38.000000"
TGS2620,0.980158567,"2024-02-26 01:39:39.000000"
TGS2603,0.122310303,"2024-02-26 01:39:40.000000"
TGS2610,0.649819493,"2024-02-26 01:39:40.000000"
TGS2611,0.663594484,"2024-02-26 01:39:41.000000"
MQ12,inf,"2024-02-26 01:39:41.000000"
,inf,"2024-02-26 01:39:44.000000"
MQ5,inf,"2024-02-26 01:39:44.000000"
MQ6,inf,"2024-02-26 01:39:45.000000"
MQ7,inf,"2024-02-26 01:39:45.000000"
MQ8,inf,"2024-02-26 01:39:46.000000"
TGS2600,0.970970213,"2024-02-26 01:39:47.000000"
TGS2602,0.974567235,"2024-02-26 01:39:48.000000"
TGS2612,0.974636674,"2024-02-26 01:39:48.000000"
MQ9,inf,"2024-02-26 01:39:48.000000"
MQ10,inf,"2024-02-26 01:39:49.000000"
MQ11,inf,"2024-02-26 01:39:49.000000"
TGS2620,0.980158567,"2024-02-26 01:39:50.000000"
TGS2603,0.122310303,"2024-02-26 01:39:50.000000"
TGS2610,0.162454873,"2024-02-26 01:39:51.000000"
TGS2611,0.497695863,"2024-02-26 01:39:51.000000"
MQ12,inf,"2024-02-26 01:39:53.000000"
,inf,"2024-02-26 01:39:55.000000"
MQ5,inf,"2024-02-26 01:39:55.000000"
MQ6,inf,"2024-02-26 01:39:58.000000"
MQ7,inf,"2024-02-26 01:39:58.000000"
MQ8,inf,"2024-02-26 01:40:00.000000"
TGS2600,0.977358222,"2024-02-26 01:40:00.000000"
TGS2602,1.032271862,"2024-02-26 01:40:02.000000"
TGS2612,0.981048763,"2024-02-26 01:40:03.000000"
MQ9,inf,"2024-02-26 01:40:04.000000"
MQ10,inf,"2024-02-26 01:40:04.000000"
MQ11,inf,"2024-02-26 01:40:05.000000"
TGS2620,0.980158567,"2024-02-26 01:40:05.000000"
TGS2603,0.122310303,"2024-02-26 01:40:06.000000"
TGS2610,0.324909747,"2024-02-26 01:40:06.000000"
TGS2611,0.331797242,"2024-02-26 01:40:06.000000"
MQ12,inf,"2024-02-26 01:40:07.000000"
,inf,"2024-02-26 01:40:09.000000"
MQ5,inf,"2024-02-26 01:40:10.000000"
MQ6,inf,"2024-02-26 01:40:10.000000"
MQ7,inf,"2024-02-26 01:40:11.000000"
MQ8,inf,"2024-02-26 01:40:12.000000"
TGS2600,0.970970213,"2024-02-26 01:40:12.000000"
TGS2602,0.974567235,"2024-02-26 01:40:12.000000"
TGS2612,0.981048763,"2024-02-26 01:40:12.000000"
MQ9,inf,"2024-02-26 01:40:13.000000"
MQ10,inf,"2024-02-26 01:40:13.000000"
MQ11,inf,"2024-02-26 01:40:14.000000"
TGS2620,0.980158567,"2024-02-26 01:40:14.000000"
TGS2603,0.122310303,"2024-02-26 01:40:15.000000"
TGS2610,0.487364620,"2024-02-26 01:40:15.000000"
TGS2611,0.497695863,"2024-02-26 01:40:16.000000"
MQ12,inf,"2024-02-26 01:40:16.000000"
,inf,"2024-02-26 01:40:18.000000"
MQ5,inf,"2024-02-26 01:40:19.000000"
MQ6,inf,"2024-02-26 01:40:19.000000"
MQ7,inf,"2024-02-26 01:40:19.000000"
MQ8,inf,"2024-02-26 01:40:20.000000"
TGS2600,0.970970213,"2024-02-26 01:40:20.000000"
TGS2602,0.974567235,"2024-02-26 01:40:20.000000"
TGS2612,0.981048763,"2024-02-26 01:40:21.000000"
MQ9,inf,"2024-02-26 01:40:21.000000"
MQ10,inf,"2024-02-26 01:40:22.000000"
MQ11,inf,"2024-02-26 01:40:22.000000"
TGS2620,0.980158567,"2024-02-26 01:40:23.000000"
TGS2603,0.163080409,"2024-02-26 01:40:23.000000"
TGS2610,0.324909747,"2024-02-26 01:40:24.000000"
TGS2611,0.497695863,"2024-02-26 01:40:24.000000"
MQ12,inf,"2024-02-26 01:40:25.000000"
,inf,"2024-02-26 01:40:27.000000"
MQ5,inf,"2024-02-26 01:40:27.000000"
MQ6,inf,"2024-02-26 01:40:28.000000"
MQ7,inf,"2024-02-26 01:40:28.000000"
MQ8,inf,"2024-02-26 01:40:28.000000"
TGS2600,0.977358222,"2024-02-26 01:40:29.000000"
TGS2602,0.974567235,"2024-02-26 01:40:29.000000"
TGS2612,0.974636674,"2024-02-26 01:40:29.000000"
MQ9,inf,"2024-02-26 01:40:30.000000"
MQ10,inf,"2024-02-26 01:40:30.000000"
MQ11,inf,"2024-02-26 01:40:31.000000"
TGS2620,0.980158567,"2024-02-26 01:40:31.000000"
TGS2603,0.081540205,"2024-02-26 01:40:32.000000"
TGS2610,0.162454873,"2024-02-26 01:40:32.000000"
TGS2611,0.497695863,"2024-02-26 01:40:32.000000"
MQ12,inf,"2024-02-26 01:40:32.000000"
,inf,"2024-02-26 01:40:35.000000"
MQ5,inf,"2024-02-26 01:40:35.000000"
MQ6,inf,"2024-02-26 01:40:38.000000"
MQ7,inf,"2024-02-26 01:40:41.000000"
MQ8,inf,"2024-02-26 01:40:42.000000"
TGS2600,0.977358222,"2024-02-26 01:40:42.000000"
TGS2602,0.974567235,"2024-02-26 01:40:43.000000"
TGS2612,0.981048763,"2024-02-26 01:40:44.000000"
MQ9,inf,"2024-02-26 01:40:44.000000"
MQ10,inf,"2024-02-26 01:40:45.000000"
MQ11,inf,"2024-02-26 01:40:45.000000"
TGS2620,0.980158567,"2024-02-26 01:40:46.000000"
TGS2603,0.122310303,"2024-02-26 01:40:48.000000"
TGS2610,1.949458480,"2024-02-26 01:40:49.000000"
TGS2611,0.165898621,"2024-02-26 01:40:49.000000"
MQ12,inf,"2024-02-26 01:40:51.000000"
,inf,"2024-02-26 01:40:53.000000"
MQ5,inf,"2024-02-26 01:40:54.000000"
MQ6,inf,"2024-02-26 01:40:54.000000"
MQ7,inf,"2024-02-26 01:40:54.000000"
MQ8,inf,"2024-02-26 01:40:55.000000"
TGS2600,0.977358222,"2024-02-26 01:40:56.000000"
TGS2602,1.038683534,"2024-02-26 01:40:56.000000"
TGS2612,0.981048763,"2024-02-26 01:40:57.000000"
MQ9,inf,"2024-02-26 01:40:57.000000"
MQ10,inf,"2024-02-26 01:40:58.000000"
MQ11,inf,"2024-02-26 01:40:58.000000"
TGS2620,0.980158567,"2024-02-26 01:40:59.000000"
TGS2603,0.163080409,"2024-02-26 01:40:59.000000"
TGS2610,1.624548674,"2024-02-26 01:40:59.000000"
TGS2611,0.331797242,"2024-02-26 01:41:00.000000"
MQ12,inf,"2024-02-26 01:41:00.000000"
,inf,"2024-02-26 01:41:03.000000"
MQ5,inf,"2024-02-26 01:41:03.000000"
MQ6,inf,"2024-02-26 01:41:04.000000"
MQ7,inf,"2024-02-26 01:41:05.000000"
MQ8,inf,"2024-02-26 01:41:06.000000"
TGS2600,0.983746171,"2024-02-26 01:41:06.000000"
TGS2602,1.000213742,"2024-02-26 01:41:07.000000"
TGS2612,1.045169592,"2024-02-26 01:41:07.000000"
MQ9,inf,"2024-02-26 01:41:08.000000"
MQ10,inf,"2024-02-26 01:41:09.000000"
MQ11,inf,"2024-02-26 01:41:09.000000"
TGS2620,0.986284554,"2024-02-26 01:41:09.000000"
TGS2603,0.081540205,"2024-02-26 01:41:10.000000"
TGS2610,0.487364620,"2024-02-26 01:41:10.000000"
TGS2611,0.497695863,"2024-02-26 01:41:11.000000"
MQ12,inf,"2024-02-26 01:41:11.000000"
,inf,"2024-02-26 01:41:14.000000"
MQ5,inf,"2024-02-26 01:41:14.000000"
MQ6,inf,"2024-02-26 01:41:14.000000"
MQ7,inf,"2024-02-26 01:41:14.000000"
MQ8,inf,"2024-02-26 01:41:15.000000"
TGS2600,0.977358222,"2024-02-26 01:41:15.000000"
TGS2602,0.987390518,"2024-02-26 01:41:15.000000"
TGS2612,0.981048763,"2024-02-26 01:41:16.000000"
MQ9,inf,"2024-02-26 01:41:16.000000"
MQ10,inf,"2024-02-26 01:41:16.000000"
MQ11,inf,"2024-02-26 01:41:17.000000"
TGS2620,0.980158567,"2024-02-26 01:41:17.000000"
TGS2603,0.122310303,"2024-02-26 01:41:17.000000"
TGS2610,0.324909747,"2024-02-26 01:41:18.000000"
TGS2611,0.497695863,"2024-02-26 01:41:18.000000"
MQ12,inf,"2024-02-26 01:41:19.000000"
,inf,"2024-02-26 01:41:21.000000"
MQ5,inf,"2024-02-26 01:41:21.000000"
MQ6,inf,"2024-02-26 01:41:22.000000"
MQ7,inf,"2024-02-26 01:41:22.000000"
MQ8,inf,"2024-02-26 01:41:23.000000"
TGS2600,0.977358222,"2024-02-26 01:41:23.000000"
TGS2602,1.038683534,"2024-02-26 01:41:25.000000"
TGS2612,0.981048763,"2024-02-26 01:41:26.000000"
MQ9,inf,"2024-02-26 01:41:26.000000"
MQ10,inf,"2024-02-26 01:41:29.000000"
MQ11,inf,"2024-02-26 01:41:30.000000"
TGS2620,0.986284554,"2024-02-26 01:41:30.000000"
TGS2603,0.122310303,"2024-02-26 01:41:32.000000"
TGS2610,0.487364620,"2024-02-26 01:41:32.000000"
TGS2611,0.497695863,"2024-02-26 01:41:33.000000"
MQ12,inf,"2024-02-26 01:41:33.000000"
,inf,"2024-02-26 01:41:36.000000"
MQ5,inf,"2024-02-26 01:41:36.000000"
MQ6,inf,"2024-02-26 01:41:37.000000"
MQ7,inf,"2024-02-26 01:41:38.000000"
MQ8,inf,"2024-02-26 01:41:38.000000"
TGS2600,0.983746171,"2024-02-26 01:41:38.000000"
TGS2602,0.987390518,"2024-02-26 01:41:39.000000"
TGS2612,1.045169592,"2024-02-26 01:41:41.000000"
MQ9,inf,"2024-02-26 01:41:42.000000"
MQ10,inf,"2024-02-26 01:41:42.000000"
MQ11,inf,"2024-02-26 01:41:43.000000"
TGS2620,0.986284554,"2024-02-26 01:41:44.000000"
TGS2603,0.122310303,"2024-02-26 01:41:45.000000"
TGS2610,1.299638987,"2024-02-26 01:41:45.000000"
TGS2611,1.658986211,"2024-02-26 01:41:47.000000"
MQ12,inf,"2024-02-26 01:41:48.000000"
,inf,"2024-02-26 01:41:50.000000"
MQ5,inf,"2024-02-26 01:41:51.000000"
MQ6,inf,"2024-02-26 01:41:51.000000"
MQ7,inf,"2024-02-26 01:41:54.000000"
MQ8,inf,"2024-02-26 01:41:54.000000"
TGS2600,0.977358222,"2024-02-26 01:41:55.000000"
TGS2602,0.987390518,"2024-02-26 01:41:55.000000"
TGS2612,0.981048763,"2024-02-26 01:41:56.000000"
MQ9,inf,"2024-02-26 01:41:56.000000"
MQ10,inf,"2024-02-26 01:41:57.000000"
MQ11,inf,"2024-02-26 01:41:57.000000"
TGS2620,0.986284554,"2024-02-26 01:41:58.000000"
TGS2603,0.163080409,"2024-02-26 01:41:59.000000"
TGS2610,0.324909747,"2024-02-26 01:42:00.000000"
TGS2611,0.497695863,"2024-02-26 01:42:01.000000"
MQ12,inf,"2024-02-26 01:42:02.000000"
,inf,"2024-02-26 01:42:04.000000"
MQ5,inf,"2024-02-26 01:42:05.000000"
MQ6,inf,"2024-02-26 01:42:05.000000"
MQ7,inf,"2024-02-26 01:42:06.000000"
MQ8,inf,"2024-02-26 01:42:07.000000"
TGS2600,0.977358222,"2024-02-26 01:42:08.000000"
TGS2602,0.980978906,"2024-02-26 01:42:09.000000"
TGS2612,0.981048763,"2024-02-26 01:42:10.000000"
,inf,"2024-02-26 01:42:15.000000"
MQ5,inf,"2024-02-26 01:42:15.000000"
MQ6,inf,"2024-02-26 01:42:16.000000"
MQ7,inf,"2024-02-26 01:42:17.000000"
MQ8,inf,"2024-02-26 01:42:18.000000"
TGS2600,0.977358222,"2024-02-26 01:42:18.000000"
TGS2602,0.974567235,"2024-02-26 01:42:18.000000"
TGS2612,0.974636674,"2024-02-26 01:42:19.000000"
MQ9,inf,"2024-02-26 01:42:19.000000"
MQ10,inf,"2024-02-26 01:42:20.000000"
MQ11,inf,"2024-02-26 01:42:21.000000"
TGS2620,0.980158567,"2024-02-26 01:42:22.000000"
TGS2603,0.122310303,"2024-02-26 01:42:22.000000"
TGS2610,0.324909747,"2024-02-26 01:42:22.000000"
TGS2611,0.331797242,"2024-02-26 01:42:23.000000"
MQ12,inf,"2024-02-26 01:42:23.000000"
,inf,"2024-02-26 01:42:26.000000"
MQ5,inf,"2024-02-26 01:42:27.000000"
MQ6,inf,"2024-02-26 01:42:27.000000"
MQ7,inf,"2024-02-26 01:42:28.000000"
MQ8,inf,"2024-02-26 01:42:28.000000"
TGS2600,0.977358222,"2024-02-26 01:42:29.000000"
TGS2602,0.980978906,"2024-02-26 01:42:29.000000"
TGS2612,0.981048763,"2024-02-26 01:42:30.000000"
MQ9,inf,"2024-02-26 01:42:30.000000"
MQ10,inf,"2024-02-26 01:42:31.000000"
MQ11,inf,"2024-02-26 01:42:33.000000"
TGS2620,0.980158567,"2024-02-26 01:42:33.000000"
TGS2603,0.122310303,"2024-02-26 01:42:35.000000"
TGS2610,0.324909747,"2024-02-26 01:42:36.000000"
TGS2611,0.497695863,"2024-02-26 01:42:36.000000"
MQ12,inf,"2024-02-26 01:42:38.000000"
,inf,"2024-02-26 01:42:41.000000"
MQ5,inf,"2024-02-26 01:42:41.000000"
MQ6,inf,"2024-02-26 01:42:42.000000"
MQ7,inf,"2024-02-26 01:42:42.000000"
MQ8,inf,"2024-02-26 01:42:44.000000"
TGS2600,0.977358222,"2024-02-26 01:42:44.000000"
TGS2602,0.980978906,"2024-02-26 01:42:45.000000"
TGS2612,0.981048763,"2024-02-26 01:42:46.000000"
MQ9,inf,"2024-02-26 01:42:48.000000"
MQ10,inf,"2024-02-26 01:42:48.000000"
MQ11,inf,"2024-02-26 01:42:49.000000"
TGS2620,0.980158567,"2024-02-26 01:42:50.000000"
TGS2603,0.081540205,"2024-02-26 01:42:50.000000"
TGS2610,0.487364620,"2024-02-26 01:42:51.000000"
TGS2611,0.331797242,"2024-02-26 01:42:51.000000"
MQ12,inf,"2024-02-26 01:42:52.000000"
,inf,"2024-02-26 01:42:56.000000"
MQ5,inf,"2024-02-26 01:42:56.000000"
MQ6,inf,"2024-02-26 01:42:57.000000"
MQ7,inf,"2024-02-26 01:42:57.000000"
MQ8,inf,"2024-02-26 01:42:58.000000"
TGS2600,1.047625780,"2024-02-26 01:42:59.000000"
TGS2602,0.980978906,"2024-02-26 01:42:59.000000"
TGS2612,0.987460852,"2024-02-26 01:43:00.000000"
MQ9,inf,"2024-02-26 01:43:00.000000"
MQ10,inf,"2024-02-26 01:43:01.000000"
MQ11,inf,"2024-02-26 01:43:01.000000"
TGS2620,0.980158567,"2024-02-26 01:43:02.000000"
TGS2603,0.122310303,"2024-02-26 01:43:02.000000"
TGS2610,0.487364620,"2024-02-26 01:43:03.000000"
TGS2611,0.331797242,"2024-02-26 01:43:04.000000"
MQ12,inf,"2024-02-26 01:43:04.000000"
,inf,"2024-02-26 01:43:07.000000"
MQ5,inf,"2024-02-26 01:43:07.000000"
MQ6,inf,"2024-02-26 01:43:08.000000"
MQ7,inf,"2024-02-26 01:43:08.000000"
MQ8,inf,"2024-02-26 01:43:09.000000"
TGS2600,0.996522069,"2024-02-26 01:43:09.000000"
TGS2602,0.987390518,"2024-02-26 01:43:10.000000"
TGS2612,1.000285029,"2024-02-26 01:43:10.000000"
MQ9,inf,"2024-02-26 01:43:11.000000"
MQ10,inf,"2024-02-26 01:43:11.000000"
MQ11,inf,"2024-02-26 01:43:13.000000"
TGS2620,0.986284554,"2024-02-26 01:43:13.000000"
TGS2603,0.081540205,"2024-02-26 01:43:14.000000"
TGS2610,0.487364620,"2024-02-26 01:43:14.000000"
TGS2611,0.497695863,"2024-02-26 01:43:15.000000"
MQ12,inf,"2024-02-26 01:43:15.000000"
,inf,"2024-02-26 01:43:18.000000"
MQ5,inf,"2024-02-26 01:43:18.000000"
MQ6,inf,"2024-02-26 01:43:19.000000"
MQ7,inf,"2024-02-26 01:43:20.000000"
MQ8,inf,"2024-02-26 01:43:20.000000"
TGS2600,0.977358222,"2024-02-26 01:43:21.000000"
TGS2602,0.987390518,"2024-02-26 01:43:21.000000"
TGS2612,0.981048763,"2024-02-26 01:43:22.000000"
MQ9,inf,"2024-02-26 01:43:22.000000"
MQ10,inf,"2024-02-26 01:43:23.000000"
MQ11,inf,"2024-02-26 01:43:23.000000"
TGS2620,1.035292506,"2024-02-26 01:43:25.000000"
TGS2603,0.163080409,"2024-02-26 01:43:26.000000"
TGS2610,1.624548674,"2024-02-26 01:43:27.000000"
TGS2611,0.331797242,"2024-02-26 01:43:28.000000"
MQ12,inf,"2024-02-26 01:43:29.000000"
,inf,"2024-02-26 01:43:31.000000"
MQ5,inf,"2024-02-26 01:43:32.000000"
MQ6,inf,"2024-02-26 01:43:32.000000"
MQ7,inf,"2024-02-26 01:43:32.000000"
MQ8,inf,"2024-02-26 01:43:33.000000"
TGS2600,0.977358222,"2024-02-26 01:43:33.000000"
,inf,"2024-02-26 01:43:39.000000"
MQ5,inf,"2024-02-26 01:43:39.000000"
MQ6,inf,"2024-02-26 01:43:41.000000"
MQ7,inf,"2024-02-26 01:43:41.000000"
MQ8,inf,"2024-02-26 01:43:42.000000"
TGS2600,0.977358222,"2024-02-26 01:43:42.000000"
TGS2602,1.045095205,"2024-02-26 01:43:43.000000"
TGS2612,1.032345414,"2024-02-26 01:43:43.000000"
MQ9,inf,"2024-02-26 01:43:44.000000"
MQ10,inf,"2024-02-26 01:43:44.000000"
MQ11,inf,"2024-02-26 01:43:45.000000"
TGS2620,0.980158567,"2024-02-26 01:43:46.000000"
TGS2603,0.122310303,"2024-02-26 01:43:46.000000"
TGS2610,0.487364620,"2024-02-26 01:43:47.000000"
TGS2611,0.829493105,"2024-02-26 01:43:47.000000"
MQ12,inf,"2024-02-26 01:43:47.000000"
,inf,"2024-02-26 01:43:50.000000"
MQ5,inf,"2024-02-26 01:43:50.000000"
MQ6,inf,"2024-02-26 01:43:51.000000"
MQ7,inf,"2024-02-26 01:43:52.000000"
MQ8,inf,"2024-02-26 01:43:53.000000"
TGS2600,1.022073984,"2024-02-26 01:43:54.000000"
TGS2602,0.974567235,"2024-02-26 01:43:55.000000"
TGS2612,0.974636674,"2024-02-26 01:43:55.000000"
MQ9,inf,"2024-02-26 01:43:56.000000"
MQ10,inf,"2024-02-26 01:43:56.000000"
MQ11,inf,"2024-02-26 01:43:57.000000"
TGS2620,0.974032581,"2024-02-26 01:43:57.000000"
TGS2603,0.163080409,"2024-02-26 01:43:58.000000"
TGS2610,0.487364620,"2024-02-26 01:43:58.000000"
TGS2611,0.331797242,"2024-02-26 01:43:59.000000"
MQ12,inf,"2024-02-26 01:44:00.000000"
,inf,"2024-02-26 01:44:02.000000"
MQ5,inf,"2024-02-26 01:44:02.000000"
MQ6,inf,"2024-02-26 01:44:03.000000"
MQ7,inf,"2024-02-26 01:44:04.000000"
MQ8,inf,"2024-02-26 01:44:04.000000"
TGS2600,0.970970213,"2024-02-26 01:44:05.000000"
TGS2602,1.032271862,"2024-02-26 01:44:05.000000"
TGS2612,0.974636674,"2024-02-26 01:44:06.000000"
MQ9,inf,"2024-02-26 01:44:06.000000"
MQ10,inf,"2024-02-26 01:44:07.000000"
MQ11,inf,"2024-02-26 01:44:07.000000"
TGS2620,0.980158567,"2024-02-26 01:44:09.000000"
TGS2603,0.081540205,"2024-02-26 01:44:11.000000"
TGS2610,0.324909747,"2024-02-26 01:44:11.000000"
TGS2611,1.990783453,"2024-02-26 01:44:13.000000"
MQ12,inf,"2024-02-26 01:44:13.000000"
,inf,"2024-02-26 01:44:15.000000"
MQ5,inf,"2024-02-26 01:44:16.000000"
MQ6,inf,"2024-02-26 01:44:17.000000"
MQ7,inf,"2024-02-26 01:44:17.000000"
MQ8,inf,"2024-02-26 01:44:18.000000"
TGS2600,0.970970213,"2024-02-26 01:44:19.000000"
TGS2602,0.974567235,"2024-02-26 01:44:19.000000"
TGS2612,0.974636674,"2024-02-26 01:44:19.000000"
MQ9,inf,"2024-02-26 01:44:21.000000"
MQ10,inf,"2024-02-26 01:44:21.000000"
MQ11,inf,"2024-02-26 01:44:22.000000"
TGS2620,0.974032581,"2024-02-26 01:44:22.000000"
TGS2603,0.122310303,"2024-02-26 01:44:23.000000"
TGS2610,0.812274337,"2024-02-26 01:44:24.000000"
TGS2611,1.990783453,"2024-02-26 01:44:24.000000"
,inf,"2024-02-26 01:44:30.000000"
MQ5,inf,"2024-02-26 01:44:30.000000"
MQ6,inf,"2024-02-26 01:44:31.000000"
MQ7,inf,"2024-02-26 01:44:31.000000"
MQ8,inf,"2024-02-26 01:44:32.000000"
TGS2600,0.970970213,"2024-02-26 01:44:32.000000"
TGS2602,0.974567235,"2024-02-26 01:44:33.000000"
TGS2612,1.032345414,"2024-02-26 01:44:33.000000"
MQ9,inf,"2024-02-26 01:44:35.000000"
MQ10,inf,"2024-02-26 01:44:35.000000"
MQ11,inf,"2024-02-26 01:44:36.000000"
TGS2620,0.980158567,"2024-02-26 01:44:37.000000"
TGS2603,0.081540205,"2024-02-26 01:44:39.000000"
TGS2610,1.949458480,"2024-02-26 01:44:39.000000"
TGS2611,0.331797242,"2024-02-26 01:44:40.000000"
MQ12,inf,"2024-02-26 01:44:40.000000"
,inf,"2024-02-26 01:44:44.000000"
MQ5,inf,"2024-02-26 01:44:44.000000"
MQ6,inf,"2024-02-26 01:44:45.000000"
MQ7,inf,"2024-02-26 01:44:45.000000"
MQ8,inf,"2024-02-26 01:44:47.000000"
TGS2600,0.970970213,"2024-02-26 01:44:48.000000"
TGS2602,0.974567235,"2024-02-26 01:44:48.000000"
TGS2612,0.974636674,"2024-02-26 01:44:49.000000"
MQ9,inf,"2024-02-26 01:44:49.000000"
MQ10,inf,"2024-02-26 01:44:50.000000"
MQ11,inf,"2024-02-26 01:44:51.000000"
TGS2620,0.980158567,"2024-02-26 01:44:52.000000"
TGS2603,0.203850508,"2024-02-26 01:44:52.000000"
TGS2610,0.324909747,"2024-02-26 01:44:54.000000"
TGS2611,0.497695863,"2024-02-26 01:44:55.000000"
MQ12,inf,"2024-02-26 01:44:55.000000"
,inf,"2024-02-26 01:44:58.000000"
MQ5,inf,"2024-02-26 01:44:58.000000"
MQ6,inf,"2024-02-26 01:44:58.000000"
MQ7,inf,"2024-02-26 01:44:59.000000"
MQ8,inf,"2024-02-26 01:44:59.000000"
TGS2600,0.970970213,"2024-02-26 01:44:59.000000"
TGS2602,0.974567235,"2024-02-26 01:45:00.000000"
TGS2612,0.974636674,"2024-02-26 01:45:00.000000"
MQ9,inf,"2024-02-26 01:45:01.000000"
MQ10,inf,"2024-02-26 01:45:01.000000"
MQ11,inf,"2024-02-26 01:45:02.000000"
TGS2620,0.980158567,"2024-02-26 01:45:02.000000"
TGS2603,0.040770102,"2024-02-26 01:45:03.000000"
TGS2610,0.487364620,"2024-02-26 01:45:03.000000"
TGS2611,0.497695863,"2024-02-26 01:45:03.000000"
MQ12,inf,"2024-02-26 01:45:04.000000"
,inf,"2024-02-26 01:45:06.000000"
MQ5,inf,"2024-02-26 01:45:07.000000"
MQ6,inf,"2024-02-26 01:45:07.000000"
MQ7,inf,"2024-02-26 01:45:08.000000"
MQ8,inf,"2024-02-26 01:45:08.000000"
TGS2600,0.970970213,"2024-02-26 01:45:08.000000"
TGS2602,0.974567235,"2024-02-26 01:45:09.000000"
TGS2612,0.974636674,"2024-02-26 01:45:09.000000"
MQ9,inf,"2024-02-26 01:45:10.000000"
MQ10,inf,"2024-02-26 01:45:10.000000"
MQ11,inf,"2024-02-26 01:45:11.000000"
TGS2620,0.974032581,"2024-02-26 01:45:11.000000"
TGS2603,0.081540205,"2024-02-26 01:45:12.000000"
TGS2610,0.649819493,"2024-02-26 01:45:12.000000"
TGS2611,0.331797242,"2024-02-26 01:45:12.000000"
MQ12,inf,"2024-02-26 01:45:13.000000"
,inf,"2024-02-26 01:45:15.000000"
MQ5,inf,"2024-02-26 01:45:16.000000"
MQ6,inf,"2024-02-26 01:45:16.000000"
MQ7,inf,"2024-02-26 01:45:16.000000"
MQ8,inf,"2024-02-26 01:45:18.000000"
TGS2600,1.041237831,"2024-02-26 01:45:18.000000"
TGS2602,0.980978906,"2024-02-26 01:45:20.000000"
TGS2612,0.981048763,"2024-02-26 01:45:21.000000"
MQ9,inf,"2024-02-26 01:45:21.000000"
MQ10,inf,"2024-02-26 01:45:23.000000"
MQ11,inf,"2024-02-26 01:45:23.000000"
TGS2620,0.980158567,"2024-02-26 01:45:24.000000"
TGS2603,0.081540205,"2024-02-26 01:45:24.000000"
TGS2610,0.162454873,"2024-02-26 01:45:27.000000"
TGS2611,0.165898621,"2024-02-26 01:45:28.000000"
MQ12,inf,"2024-02-26 01:45:28.000000"
,inf,"2024-02-26 01:45:31.000000"
MQ5,inf,"2024-02-26 01:45:32.000000"
MQ6,inf,"2024-02-26 01:45:33.000000"
MQ7,inf,"2024-02-26 01:45:33.000000"
MQ8,inf,"2024-02-26 01:45:36.000000"
TGS2600,0.977358222,"2024-02-26 01:45:36.000000"
TGS2602,0.980978906,"2024-02-26 01:45:39.000000"
TGS2612,0.981048763,"2024-02-26 01:45:39.000000"
MQ9,inf,"2024-02-26 01:45:40.000000"
MQ10,inf,"2024-02-26 01:45:42.000000"
MQ11,inf,"2024-02-26 01:45:42.000000"
